figure,status,caption,sources
Fig1,real,Architecture and preprocessing,src/bscan/models/bscan.py;src/bscan/audio.py
Fig3,real,Recording-level cues by corpus and class,metadata/recording_descriptors.csv;results/phase3/window_descriptors.csv.gz
Fig4,real,Label information available from content-agnostic descriptors,results/phase3/model_visible_shortcut_diagnostics.csv
Fig5,placeholder,ROC curves under P1,results/runs_PLACEHOLDER/bscan_controlled__P1__seed42/predictions_internal_test.csv;results/runs_PLACEHOLDER/lcnn_lfcc__P1__seed42/predictions_internal_test.csv;results/runs/lfcc_gmm_controlled__P1__seed42/predictions_internal_test.csv;results/runs/stats_hgb_controlled__P1__seed42/predictions_internal_test.csv;results/runs_PLACEHOLDER/bscan_controlled__P1__seed42/predictions_external_BF-MOZ.csv;results/runs_PLACEHOLDER/lcnn_lfcc__P1__seed42/predictions_external_BF-MOZ.csv;results/runs/lfcc_gmm_controlled__P1__seed42/predictions_external_BF-MOZ.csv;results/runs/stats_hgb_controlled__P1__seed42/predictions_external_BF-MOZ.csv;results/runs_PLACEHOLDER/bscan_controlled__P1__seed42/predictions_external_MEN.csv;results/runs_PLACEHOLDER/lcnn_lfcc__P1__seed42/predictions_external_MEN.csv;results/runs/lfcc_gmm_controlled__P1__seed42/predictions_external_MEN.csv;results/runs/stats_hgb_controlled__P1__seed42/predictions_external_MEN.csv
Fig6,placeholder,Cross-corpus AUC matrix,results/stats/cross_corpus_auc.csv
Fig7,placeholder,Representation study and trained ablation,results/stats/multiseed_summary.csv
Fig8,placeholder,Robustness and counterfactual probes,robustness_summary.csv;probes_summary.csv
Fig9,placeholder,Systematic error analysis of BSCAN on MEN,results/analysis/error_groups.csv
S1_Fig,placeholder,"Training and validation loss of BSCAN (P1, seed 42)",results/runs_PLACEHOLDER/bscan_controlled__P1__seed42/train_log.csv
Fig_confusion,placeholder,Confusion matrices of BSCAN across the evaluation tiers,results/runs_PLACEHOLDER/bscan_controlled__P1__seed42/predictions_internal_test.csv;results/runs_PLACEHOLDER/bscan_controlled__P1__seed42/predictions_external_BF-MOZ.csv;results/runs_PLACEHOLDER/bscan_controlled__P1__seed42/predictions_external_MEN.csv
