split,condition,n,auc,eer,accuracy,sensitivity,specificity,mean_score_shift_bonafide,mean_score_shift_spoof,decision_flip_rate,share_input_changed,decision_flip_rate_changed,share_clipped_bonafide,share_clipped_spoof,PLACEHOLDER,run,status
internal_test,clean,600,0.779919661131692,0.220080338868308,0.7299196611316919,0.7341684565077689,0.7508837019380222,0.0,0.0,0.0,0.0,,,,True,bscan_orig6s__P1__seed42,placeholder
internal_test,append_silence_0.44,600,0.7142416859571006,0.2857583140428994,0.6642416859571005,0.6699950931029928,0.6793388996713894,-0.2492981782293057,-1.4154760136100115,0.2961831510041078,0.782602945167792,0.3430180967588353,,,True,bscan_orig6s__P1__seed42,placeholder
internal_test,trim_trailing,600,0.6005598779130301,0.3994401220869699,0.5505598779130301,0.5922712919848391,0.5824589287676896,0.2947238333628774,-0.3205949246469714,0.3365122031636676,0.5760089378844736,0.2950511279058492,,,True,bscan_orig6s__P1__seed42,placeholder
internal_test,add_dc_neg,600,0.5316644951923672,0.4683355048076327,0.4816644951923672,0.4575099968338383,0.4597328327439584,0.0063183116627159,-0.4467058595259801,0.1699298229494883,0.8666048361905185,0.3140866451813265,,,True,bscan_orig6s__P1__seed42,placeholder
internal_test,remove_dc,600,0.5730201655352425,0.4269798344647575,0.5230201655352424,0.5635553451162314,0.5330221058015854,0.6537514325649793,-0.8408927403302993,0.0397478507480299,0.5845200411248417,0.1199432980941584,,,True,bscan_orig6s__P1__seed42,placeholder
internal_test,dither_-60dBFS,600,0.654660923487202,0.345339076512798,0.6046609234872019,0.6427191571160403,0.6027912451421009,-1.2840397249872222,-0.2017605000641866,0.2680506373012178,0.6310184653579569,0.0083396189452855,,,True,bscan_orig6s__P1__seed42,placeholder
external_BF-MOZ,clean,600,0.8516877794582894,0.1483122205417105,0.8016877794582894,0.8259679661130581,0.7773087060978066,0.0,0.0,0.0,0.0,,,,True,bscan_orig6s__P1__seed42,placeholder
external_BF-MOZ,append_silence_0.44,600,0.824574026340094,0.1754259736599059,0.774574026340094,0.753651280641761,0.7900422780173677,1.445320852256616,-0.592619857537002,0.1997312105036147,0.9143832808621376,0.34750356532552,,,True,bscan_orig6s__P1__seed42,placeholder
external_BF-MOZ,trim_trailing,600,0.797041153190467,0.202958846809533,0.7470411531904669,0.737376700727232,0.7319346949567338,0.7821661124301295,-1.1150833843487613,0.0789420389645943,0.5560709718797598,0.2162858883297326,,,True,bscan_orig6s__P1__seed42,placeholder
external_BF-MOZ,add_dc_neg,600,0.6696853864944099,0.3303146135055901,0.6196853864944099,0.5932477781205096,0.6342643600278782,-0.7585843189774834,1.483909923427053,0.2885994521610791,0.620879707163114,0.2495131676632976,,,True,bscan_orig6s__P1__seed42,placeholder
external_BF-MOZ,remove_dc,600,0.7351418267614037,0.2648581732385963,0.6851418267614037,0.6606334934751203,0.7281841560049314,0.5617309109708946,-0.1794302913533549,0.1695713283755076,0.6846461746102748,0.4087337229085392,,,True,bscan_orig6s__P1__seed42,placeholder
external_BF-MOZ,dither_-60dBFS,600,0.8218328649801748,0.1781671350198251,0.7718328649801748,0.8094380339821166,0.7815504896474263,0.4512263854911115,-1.528726640163245,0.3014734648716253,0.9060152299923944,0.3802597149556467,,,True,bscan_orig6s__P1__seed42,placeholder
external_MEN,clean,600,0.7343641654526397,0.2656358345473603,0.6843641654526397,0.6490623169057406,0.6764534660399553,0.0,0.0,0.0,0.0,,,,True,bscan_orig6s__P1__seed42,placeholder
external_MEN,append_silence_0.44,600,0.5667340886893092,0.4332659113106908,0.5167340886893091,0.4792298391453344,0.4733866912437736,0.1343700451482947,-1.2721306738512332,0.386605170825737,0.6263447364592201,0.32128046027505,,,True,bscan_orig6s__P1__seed42,placeholder
external_MEN,trim_trailing,600,0.6993580039995617,0.3006419960004383,0.6493580039995617,0.621736923343831,0.6023771154128638,-0.4632440579949468,-0.3113926813254649,0.0698458062217092,0.704958333039849,0.0589211287070152,,,True,bscan_orig6s__P1__seed42,placeholder
external_MEN,add_dc_neg,600,0.5343745225511479,0.4656254774488521,0.4843745225511479,0.4702222590677979,0.4569187411940274,0.2569009930817894,-0.1227363508465505,0.2299692378246613,0.8027258350262652,0.0505783014877462,,,True,bscan_orig6s__P1__seed42,placeholder
external_MEN,remove_dc,600,0.7040638229016177,0.2959361770983822,0.6540638229016177,0.6404882021270142,0.6328201323265985,-0.3438434260888801,-1.12122115680221,0.1775426905270718,0.6157394266743543,0.1566832297655511,,,True,bscan_orig6s__P1__seed42,placeholder
external_MEN,dither_-60dBFS,600,0.545133919209231,0.4548660807907689,0.495133919209231,0.4569847211775549,0.5167959670354231,-0.3191979958271448,0.144000987084924,0.3023599486350863,0.9636933436473434,0.3581994024213325,,,True,bscan_orig6s__P1__seed42,placeholder
internal_test,clean,600,0.8356188666961158,0.1643811333038841,0.7856188666961158,0.8307269781908426,0.8252930713613349,0.0,0.0,0.0,0.0,,,,True,bscan_controlled__P1__seed42,placeholder
internal_test,append_silence_0.44,600,0.5923813604837417,0.4076186395162583,0.5423813604837416,0.5496299011691311,0.5674441231395967,0.2478538072917882,0.6139469233060252,0.1452180947209348,0.8635952450122322,0.3381486427691713,,,True,bscan_controlled__P1__seed42,placeholder
internal_test,trim_trailing,600,0.8133906973833485,0.1866093026166515,0.7633906973833484,0.7978943762410512,0.7588436720874372,0.5233133965481686,0.1989870497953013,0.274962387178456,0.8059758406553352,0.3136929835915091,,,True,bscan_controlled__P1__seed42,placeholder
internal_test,add_dc_neg,600,0.6286058106384109,0.3713941893615891,0.5786058106384109,0.5884809454029922,0.6190629354833798,-0.2343813252564951,0.8739383287302618,0.0040457921420773,0.8690391576062161,0.1161719374563628,,,True,bscan_controlled__P1__seed42,placeholder
internal_test,remove_dc,600,0.6730783497113043,0.3269216502886957,0.6230783497113043,0.5950497238567688,0.6278506238588191,0.179088291228761,-0.4677473410183613,0.2345568154226239,0.692797582534854,0.090185099421239,,,True,bscan_controlled__P1__seed42,placeholder
internal_test,dither_-60dBFS,600,0.7949121078596474,0.2050878921403526,0.7449121078596473,0.707888627719897,0.6997483682892267,0.2899848399067966,-0.2492635899987313,0.2756924703429317,0.9181587750652112,0.1590170464415874,,,True,bscan_controlled__P1__seed42,placeholder
external_BF-MOZ,clean,600,0.705102708662444,0.294897291337556,0.6551027086624439,0.6464606090803383,0.6871562652364384,0.0,0.0,0.0,0.0,,,,True,bscan_controlled__P1__seed42,placeholder
external_BF-MOZ,append_silence_0.44,600,0.4727012466477866,0.5272987533522133,0.4227012466477866,0.4698094583525613,0.3735204754857152,-0.3572002049949,0.8774907726343267,0.0252150415286031,0.9102426653582396,0.3662253281100776,,,True,bscan_controlled__P1__seed42,placeholder
external_BF-MOZ,trim_trailing,600,0.5977722200999431,0.4022277799000568,0.5477722200999431,0.5018758094794249,0.5035811551006149,0.9884494996317462,0.4078066131007606,0.1495712801675081,0.6253064189062335,0.3102738732286749,,,True,bscan_controlled__P1__seed42,placeholder
external_BF-MOZ,add_dc_neg,600,0.6889553088603847,0.3110446911396153,0.6389553088603847,0.6295003637315424,0.5991767008857175,-1.1269735106692904,-1.8252657099724057,0.2867600787591791,0.8467418360454528,0.4423719842205894,,,True,bscan_controlled__P1__seed42,placeholder
external_BF-MOZ,remove_dc,600,0.491881392755611,0.508118607244389,0.441881392755611,0.488023370284845,0.3955680105428868,1.1251776605426378,0.0961083771314246,0.3206872389249428,0.7328492802083437,0.1254144614255083,,,True,bscan_controlled__P1__seed42,placeholder
external_BF-MOZ,dither_-60dBFS,600,0.4603527232775942,0.5396472767224058,0.4103527232775942,0.3666654402153572,0.3945091348243112,1.9191426282653024,0.4830711326173614,0.106853662025222,0.7614899246063588,0.1836336139365495,,,True,bscan_controlled__P1__seed42,placeholder
external_MEN,clean,600,0.957963686939974,0.0420363130600259,0.907963686939974,0.8916057774432806,0.8608778637494132,0.0,0.0,0.0,0.0,,,,True,bscan_controlled__P1__seed42,placeholder
external_MEN,append_silence_0.44,600,0.9287595411011108,0.0712404588988893,0.8787595411011107,0.9033747458681072,0.8499731818276586,1.1609800451187406,-1.8951270946044232,0.295402735761274,0.6686247155879048,0.0314446191755182,,,True,bscan_controlled__P1__seed42,placeholder
external_MEN,trim_trailing,600,0.7978815984570078,0.2021184015429922,0.7478815984570077,0.7939940881842226,0.7121884843882712,-0.992922391789848,-0.14419110436959,0.1321925653840406,0.8375010581238801,0.0534858219257581,,,True,bscan_controlled__P1__seed42,placeholder
external_MEN,add_dc_neg,600,0.7213206503402981,0.2786793496597018,0.6713206503402981,0.6563486959308314,0.7157434214829964,1.7728674467742187,0.4758095324681725,0.1746811949719364,0.5408743173787584,0.2292832325515005,,,True,bscan_controlled__P1__seed42,placeholder
external_MEN,remove_dc,600,0.8373091494378797,0.1626908505621203,0.7873091494378797,0.7864015088988741,0.7888230707492472,0.0728404700479396,0.4670311180349966,0.3036825736830257,0.7479189797359884,0.4639675010143038,,,True,bscan_controlled__P1__seed42,placeholder
external_MEN,dither_-60dBFS,600,0.8975028344541645,0.1024971655458355,0.8475028344541644,0.8611481205018365,0.843057932287786,0.9086570865750782,0.7368743725111462,0.259719939596911,0.8037734538112009,0.3029427488344823,,,True,bscan_controlled__P1__seed42,placeholder
internal_test,clean,600,0.7322205807554699,0.2677794192445301,0.6822205807554699,0.6410868204967315,0.6696631890612087,0.0,0.0,0.0,0.0,,,,True,lcnn_lfcc__P1__seed42,placeholder
internal_test,append_silence_0.44,600,0.6276737128721932,0.3723262871278068,0.5776737128721932,0.584389447542956,0.5740782136400406,0.3928228432038326,-1.25082630152204,0.3382542138617042,0.9875442114989794,0.1184678065335846,,,True,lcnn_lfcc__P1__seed42,placeholder
internal_test,trim_trailing,600,0.6820169961947676,0.3179830038052323,0.6320169961947676,0.6775120319086915,0.6506547939142632,0.9287922992975556,-2.28143377383543,0.2853248938723287,0.5975324304607106,0.4679287782076552,,,True,lcnn_lfcc__P1__seed42,placeholder
internal_test,add_dc_neg,600,0.6577943889459774,0.3422056110540226,0.6077943889459774,0.656506505218435,0.6126127026023915,1.3540243645670256,0.5383796136593108,0.3901955544281157,0.7643840164769306,0.1282480378456546,,,True,lcnn_lfcc__P1__seed42,placeholder
internal_test,remove_dc,600,0.5047846759877213,0.4952153240122787,0.4547846759877212,0.4566665948948378,0.4565396422758196,1.2183888357196355,0.6903819394700783,0.094213333437975,0.9520098460810008,0.4085083957567818,,,True,lcnn_lfcc__P1__seed42,placeholder
internal_test,dither_-60dBFS,600,0.520490266551741,0.479509733448259,0.470490266551741,0.4769590638904221,0.5195230697186548,1.4539373150043744,0.6517587456654472,0.1842284228679038,0.5387365876846751,0.334578221998197,,,True,lcnn_lfcc__P1__seed42,placeholder
external_BF-MOZ,clean,600,0.7089238131025057,0.2910761868974942,0.6589238131025057,0.6383271612390029,0.6280765229121711,0.0,0.0,0.0,0.0,,,,True,lcnn_lfcc__P1__seed42,placeholder
external_BF-MOZ,append_silence_0.44,600,0.7056648765594491,0.2943351234405509,0.655664876559449,0.6497477949796817,0.6766078247993847,-0.8778338242959408,1.109704055186781,0.3035719094103996,0.7722739049931728,0.4864958292672951,,,True,lcnn_lfcc__P1__seed42,placeholder
external_BF-MOZ,trim_trailing,600,0.4920298359364092,0.5079701640635907,0.4420298359364092,0.4277265941536987,0.4899887405271443,-0.9226185496515232,0.0882251189240049,0.2601646033404731,0.6215719594929454,0.4226357625912008,,,True,lcnn_lfcc__P1__seed42,placeholder
external_BF-MOZ,add_dc_neg,600,0.6363911071377896,0.3636088928622104,0.5863911071377895,0.5911806013452583,0.6132096753173596,1.1046785887244877,-1.6177172160906794,0.1178792523237483,0.9018497616651516,0.3842166887509688,,,True,lcnn_lfcc__P1__seed42,placeholder
external_BF-MOZ,remove_dc,600,0.4881962712238386,0.5118037287761614,0.4381962712238386,0.418305796544945,0.4495840405765726,1.7336176779460295,0.9591876449783632,0.1098677774241103,0.8338067526269254,0.138361011834718,,,True,lcnn_lfcc__P1__seed42,placeholder
external_BF-MOZ,dither_-60dBFS,600,0.6966345407137075,0.3033654592862925,0.6466345407137074,0.6756555095676637,0.6441217729973766,-1.181544339250472,0.216018490955526,0.2950628352977548,0.5192515847129542,0.3649137683764,,,True,lcnn_lfcc__P1__seed42,placeholder
external_MEN,clean,600,0.6767013904127931,0.3232986095872069,0.626701390412793,0.6505923532097985,0.5870981346436323,0.0,0.0,0.0,0.0,,,,True,lcnn_lfcc__P1__seed42,placeholder
external_MEN,append_silence_0.44,600,0.644822577788999,0.355177422211001,0.5948225777889989,0.63040178714182,0.638065492674216,0.5372898540805925,-1.7017025169632596,0.3164116170351384,0.7406759775300705,0.4459397104336999,,,True,lcnn_lfcc__P1__seed42,placeholder
external_MEN,trim_trailing,600,0.5254601115215378,0.4745398884784622,0.4754601115215378,0.5191572250887768,0.4667726848568116,-0.8584709751394761,0.5892364978815341,0.2257768827147876,0.8555417034244059,0.4749637040825993,,,True,lcnn_lfcc__P1__seed42,placeholder
external_MEN,add_dc_neg,600,0.4795594024362454,0.5204405975637546,0.4295594024362454,0.402233960546411,0.3923623751885838,0.1478034681010878,0.0986464336168608,0.0144125196567928,0.5149697004343756,0.2784767850750326,,,True,lcnn_lfcc__P1__seed42,placeholder
external_MEN,remove_dc,600,0.6281309956113366,0.3718690043886634,0.5781309956113365,0.536153708664777,0.6007669812111207,-0.0368745333150265,-0.9547243410767337,0.033760872718735,0.6681530089076966,0.4176118842628114,,,True,lcnn_lfcc__P1__seed42,placeholder
external_MEN,dither_-60dBFS,600,0.5386607965202499,0.4613392034797501,0.4886607965202499,0.5286061013282988,0.5321745973421514,0.307435680481413,0.2030033600983875,0.0286347984900947,0.5177504240328914,0.4253817369367774,,,True,lcnn_lfcc__P1__seed42,placeholder
