model,train,test,auc,status
bscan_controlled,BF-SUST,BF-SUST,0.7624398030975509,placeholder
bscan_controlled,BF-SUST,BF-MOZ,0.864218975444305,placeholder
bscan_controlled,BF-SUST,MEN,0.8460279176954734,placeholder
bscan_controlled,MEN,BF-SUST,0.7506978020534327,placeholder
bscan_controlled,MEN,BF-MOZ,0.9158233746109388,placeholder
bscan_controlled,MEN,MEN,0.8326534979423869,placeholder
mel_only,BF-SUST,BF-SUST,0.8013807440821493,placeholder
mel_only,BF-SUST,BF-MOZ,0.8338799334135135,placeholder
mel_only,BF-SUST,MEN,0.6286325596707819,placeholder
mel_only,MEN,BF-SUST,0.8820328477492213,placeholder
mel_only,MEN,BF-MOZ,0.7018534210194307,placeholder
mel_only,MEN,MEN,0.607353086419753,placeholder
lfcc_only,BF-SUST,BF-SUST,0.9135842247807928,placeholder
lfcc_only,BF-SUST,BF-MOZ,0.7067522206467108,placeholder
lfcc_only,BF-SUST,MEN,0.7786933333333333,placeholder
lfcc_only,MEN,BF-SUST,0.9275242755798734,placeholder
lfcc_only,MEN,BF-MOZ,0.8144313925398132,placeholder
lfcc_only,MEN,MEN,0.7062814814814815,placeholder
lcnn_lfcc,BF-SUST,BF-SUST,0.6685938279511224,placeholder
lcnn_lfcc,BF-SUST,BF-MOZ,0.8303053133311408,placeholder
lcnn_lfcc,BF-SUST,MEN,0.7904929053497942,placeholder
lcnn_lfcc,MEN,BF-SUST,0.7184083744908144,placeholder
lcnn_lfcc,MEN,BF-MOZ,0.7742670558846121,placeholder
lcnn_lfcc,MEN,MEN,0.9075555555555556,placeholder
lfcc_gmm_controlled,BF-SUST,BF-SUST,0.999920783301832,real
lfcc_gmm_controlled,BF-SUST,BF-MOZ,0.9993672673195872,real
lfcc_gmm_controlled,BF-SUST,MEN,0.2862127407407407,real
lfcc_gmm_controlled,MEN,BF-SUST,0.8895332277502177,real
lfcc_gmm_controlled,MEN,BF-MOZ,0.9917584970566424,real
lfcc_gmm_controlled,MEN,MEN,1.0,real
stats_hgb_controlled,BF-SUST,BF-SUST,0.9281802722829228,real
stats_hgb_controlled,BF-SUST,BF-MOZ,0.953573782830038,real
stats_hgb_controlled,BF-SUST,MEN,0.4435342222222222,real
stats_hgb_controlled,MEN,BF-SUST,0.5842822656102994,real
stats_hgb_controlled,MEN,BF-MOZ,0.8864180287143036,real
stats_hgb_controlled,MEN,MEN,0.989274074074074,real
