model,protocol,split,auc_mean,auc_sd,eer_mean,eer_sd,n_seeds,status
bscan_controlled,P1,internal_test,0.7624398030975509,0.110942128496653,0.3042028018679119,0.0907050752092135,3,placeholder
bscan_controlled,P1,external_BF-MOZ,0.864218975444305,0.1353777622628526,0.2024788463830294,0.1239384802720396,3,placeholder
bscan_controlled,P1,external_MEN,0.8460279176954734,0.1262461191323837,0.2226666666666666,0.1123908524022471,3,placeholder
lcnn_lfcc,P1,internal_test,0.6685938279511224,0.0641943963530476,0.3782521681120747,0.0498640676207441,3,placeholder
lcnn_lfcc,P1,external_BF-MOZ,0.8303053133311408,0.0850303119370875,0.2470504111548087,0.0786654526410525,3,placeholder
lcnn_lfcc,P1,external_MEN,0.7904929053497942,0.0449936345237857,0.284,0.0397498350023751,3,placeholder
lfcc_gmm_controlled,P1,internal_test,0.999920783301832,,0.0033355570380253,,1,real
lfcc_gmm_controlled,P1,external_BF-MOZ,0.9993672673195872,,0.0075080443332141,,1,real
lfcc_gmm_controlled,P1,external_MEN,0.2862127407407407,,0.6817777777777778,,1,real
stats_hgb_controlled,P1,internal_test,0.9281802722829228,,0.152768512341561,,1,real
stats_hgb_controlled,P1,external_BF-MOZ,0.953573782830038,,0.1001072577761887,,1,real
stats_hgb_controlled,P1,external_MEN,0.4435342222222222,,0.5457777777777778,,1,real
