run_a,run_b,split,status,n,auc_a,auc_b,delta_auc,delta_auc_ci_low,delta_auc_ci_high,delong_z,delong_p,eer_a,eer_b,delta_eer_ci_low,delta_eer_ci_high,acc_a,acc_b,mcnemar_a_right_b_wrong,mcnemar_a_wrong_b_right,mcnemar_p,protocol,delong_p_holm
bscan_controlled__P2__seed42,lfcc_only__P2__seed42,internal_test,placeholder,900,0.954,0.7062814814814817,0.2477185185185182,0.2134567901234568,0.2801299999999997,13.700698257183024,1.0055263654948633e-42,0.1133333333333332,0.3577777777777777,-0.2799999999999999,-0.2133333333333332,0.8633333333333333,0.6422222222222222,292,93,4.8639199334236135e-25,P2,5.027631827474316e-42
bscan_controlled__P2__seed42,lfcc_only__P2__seed42,external_BF-SUST,placeholder,19998,0.7469937712843192,0.9275242755798732,-0.180530504295554,-0.1879587548845398,-0.1728947643615881,-46.81326882901129,0.0,0.3208320832083208,0.1497149714971497,0.1629992365044927,0.1797004228665941,0.6698669866986698,0.8483848384838484,2104,5674,0.0,P2,0.0
bscan_controlled__P2__seed42,lfcc_only__P2__seed42,external_BF-MOZ,placeholder,5594,0.9347500495001476,0.8144313925398133,0.1203186569603342,0.1074991892713079,0.1329055410637757,18.785036415105314,1.0011753728280138e-78,0.141222738648552,0.2659992849481587,-0.1387200572041472,-0.1083214158026456,0.8509116910976046,0.7273864855202002,1327,636,7.936797316233631e-56,P2,4.004701491312055e-78
bscan_controlled__P2__seed42,mel_only__P2__seed42,internal_test,placeholder,900,0.954,0.6073530864197532,0.3466469135802468,0.3265475308641974,0.3655712345679013,17.771267006972227,1.1799534648257528e-70,0.1133333333333332,0.4088888888888888,-0.3222222222222222,-0.2688888888888889,0.8633333333333333,0.58,325,70,2.2682152219139963e-40,P2,7.079720788954516e-70
bscan_controlled__P2__seed42,mel_only__P2__seed42,external_BF-SUST,placeholder,19998,0.7469937712843192,0.8820328477492213,-0.1350390764649021,-0.143168942861098,-0.1269474788165412,-32.74336235203159,3.774189349638048e-235,0.3208320832083208,0.2016201620162016,0.1108105057533079,0.1286604793244986,0.6698669866986698,0.7732273227322732,3351,5418,7.238273703732182e-109,P2,1.1322568048914146e-234
bscan_controlled__P2__seed42,mel_only__P2__seed42,external_BF-MOZ,placeholder,5594,0.9347500495001476,0.7018534210194308,0.2328966284807168,0.2174332968734441,0.2473134937338371,30.454857946562257,1.0330085369887338e-203,0.141222738648552,0.3550232391848409,-0.2281015373614587,-0.1955666785841973,0.8509116910976046,0.6481944941008223,1694,560,1.0854808554586902e-131,P2,6.198051221932404e-203
bscan_controlled__P2__seed42,lcnn_lfcc__P2__seed42,internal_test,placeholder,900,0.954,0.9075555555555554,0.0464444444444445,0.02438012345679,0.0694641975308641,4.047002837722532,5.1877612617100466e-05,0.1133333333333332,0.1688888888888889,-0.0844444444444444,-0.0266666666666666,0.8633333333333333,0.83,133,103,0.0588309520962624,P2,5.1877612617100466e-05
bscan_controlled__P2__seed42,lcnn_lfcc__P2__seed42,external_BF-SUST,placeholder,19998,0.7469937712843192,0.7184083744908146,0.0285853967935045,0.0191046716609845,0.0380557423320246,5.774038509687236,7.739373633299938e-09,0.3208320832083208,0.3421342134213421,-0.0301154343437985,-0.0111855844736639,0.6698669866986698,0.6322132213221322,4345,3592,2.9846593671290797e-17,P2,7.739373633299938e-09
bscan_controlled__P2__seed42,lcnn_lfcc__P2__seed42,external_BF-MOZ,placeholder,5594,0.9347500495001476,0.774267055884612,0.1604829936155356,0.1469526475644456,0.1735268481258777,23.36462924897385,9.786541416176967e-121,0.141222738648552,0.3024669288523418,-0.1759027529495888,-0.1451555237754737,0.8509116910976046,0.6792992491955667,1571,611,7.297354514763187e-97,P2,4.8932707080884844e-120
bscan_controlled__P2__seed42,lfcc_gmm_controlled__P2__seed42,internal_test,placeholder,900,0.954,1.0,-0.046,-0.0644582716049382,-0.0301867901234567,-7.319535626757569,2.488305138319852e-13,0.1133333333333332,0.0,0.0911111111111111,0.1377777777777777,0.8633333333333333,0.9966666666666668,3,123,7.840594339758689e-33,P2,9.953220553279408e-13
bscan_controlled__P2__seed42,lfcc_gmm_controlled__P2__seed42,external_BF-SUST,placeholder,19998,0.7469937712843192,0.8895332277502178,-0.1425394564658986,-0.1503271124446332,-0.13459170655934,-34.63317531077799,8.004693238090654e-263,0.3208320832083208,0.1894189418941894,0.1228979688507941,0.1397265069074371,0.6698669866986698,0.5816081608160816,4587,2822,3.222192649597469e-94,P2,3.2018772952362616e-262
bscan_controlled__P2__seed42,lfcc_gmm_controlled__P2__seed42,external_BF-MOZ,placeholder,5594,0.9347500495001476,0.9917584970566424,-0.0570084475564949,-0.0630562215581866,-0.0506504172392683,-17.461660954853745,2.80648398642395e-68,0.141222738648552,0.0328923846978905,0.0983196281730425,0.1190561315695387,0.8509116910976046,0.5736503396496246,2143,592,7.502009486722277e-205,P2,8.41945195927185e-68
bscan_controlled__P2__seed42,stats_hgb_controlled__P2__seed42,internal_test,placeholder,900,0.954,0.989274074074074,-0.035274074074074,-0.0526928395061728,-0.0196785185185185,-5.255379475323471,1.477195666320398e-07,0.1133333333333332,0.0555555555555555,0.0244444444444444,0.1088888888888888,0.8633333333333333,0.9433333333333334,47,119,2.1703450350608745e-08,P2,2.954391332640796e-07
bscan_controlled__P2__seed42,stats_hgb_controlled__P2__seed42,external_BF-SUST,placeholder,19998,0.7469937712843192,0.5842822656102996,0.1627115056740196,0.1532460167795631,0.1724513989192147,30.790946700943163,3.464041315576492e-208,0.3208320832083208,0.4254425442544254,-0.1134322767683927,-0.0959023797402898,0.6698669866986698,0.489048904890489,5732,2116,0.0,P2,6.9280826311529835e-208
bscan_controlled__P2__seed42,stats_hgb_controlled__P2__seed42,external_BF-MOZ,placeholder,5594,0.9347500495001476,0.8864180287143039,0.0483320207858437,0.0375550093957606,0.0591254608562802,8.676424412554072,4.0840597158376595e-18,0.141222738648552,0.1766178047908473,-0.0493385770468359,-0.0210940293171254,0.8509116910976046,0.5337861994994637,2355,581,1.4904463756816996e-251,P2,4.0840597158376595e-18
bscan_controlled__P2__seed42,stats_hgb_orig6s__P2__seed42,internal_test,placeholder,900,0.954,0.9977481481481484,-0.0437481481481483,-0.0633638271604938,-0.0265318518518517,-6.886993995139482,5.698362646837857e-12,0.1133333333333332,0.0266666666666666,0.0511111111111111,0.1244444444444444,0.8633333333333333,0.9711111111111111,26,123,2.7487358754955478e-16,P2,1.709508794051357e-11
bscan_controlled__P2__seed42,stats_hgb_orig6s__P2__seed42,external_BF-SUST,placeholder,19998,0.7469937712843192,0.9694932789608596,-0.2224995076765403,-0.2297266519131346,-0.2156202428104491,-61.16775513581561,0.0,0.3208320832083208,0.0827082708270826,0.2304308707387783,0.2458995490087927,0.6698669866986698,0.834033403340334,1865,5148,0.0,P2,0.0
bscan_controlled__P2__seed42,stats_hgb_orig6s__P2__seed42,external_BF-MOZ,placeholder,5594,0.9347500495001476,0.9920670660850296,-0.0573170165848819,-0.0636569788689015,-0.050933223182456,-17.415832969487315,6.257157612120249e-68,0.141222738648552,0.0278870218090812,0.103324991061852,0.1251340722202359,0.8509116910976046,0.8562745799070433,713,743,0.4472617039060177,P2,1.2514315224240498e-67
