run,split,status,ece,brier,auc,accuracy
bscan_controlled__P1__seed42,internal_test,placeholder,0.12704525192696492,0.18860288818135362,0.8294072855330283,0.747498332221481
bscan_controlled__P1__seed42,external_BF-MOZ,placeholder,0.18763076972921208,0.1641586575779882,0.9279450414785031,0.8130139435109045
bscan_controlled__P1__seed42,external_MEN,placeholder,0.17985918038992701,0.1678284708954643,0.9189027160493828,0.8111111111111111
lfcc_only__P1__seed42,internal_test,placeholder,0.19775365826075086,0.161512931708724,0.941107280326088,0.8652434956637759
lfcc_only__P1__seed42,external_BF-MOZ,placeholder,0.10575092296381312,0.2515164073335324,0.621531905896928,0.5613156953879156
lfcc_only__P1__seed42,external_MEN,placeholder,0.13574786475540757,0.1824910456033359,0.8522824691358024,0.7406666666666667
lcnn_lfcc__P1__seed42,internal_test,placeholder,0.09791093565075996,0.21632471614615567,0.7407669155465441,0.6677785190126752
lcnn_lfcc__P1__seed42,external_BF-MOZ,placeholder,0.12121718461835229,0.19399361466945345,0.8158370816886013,0.7356095816946728
lcnn_lfcc__P1__seed42,external_MEN,placeholder,0.10970885622383174,0.20629172244068067,0.7740462222222223,0.6888888888888889
bscan_orig6s__P1__seed42,internal_test,placeholder,0.20909367863100584,0.15821095709040287,0.9526475511136844,0.875917278185457
bscan_orig6s__P1__seed42,external_BF-MOZ,placeholder,0.08460600034497545,0.24267740837894983,0.6487010637195044,0.5693600286020737
bscan_orig6s__P1__seed42,external_MEN,placeholder,0.07905237538259184,0.22641169987485635,0.7016112592592592,0.604
