run,split,grouping,level,n,n_spoof,fn,fnr,n_bonafide,fp,fpr,status
bscan_controlled__P1__seed42,internal_test,corpus,BF-SUST,2998,1499,311,0.2074716477651768,1499,446,0.29753168779186123,placeholder
bscan_controlled__P1__seed42,internal_test,speaker,BF-SUST-speaker,1499,0,0,,1499,446,0.29753168779186123,placeholder
bscan_controlled__P1__seed42,internal_test,speaker,BF-VITS-voice,1499,1499,311,0.2074716477651768,0,0,,placeholder
bscan_controlled__P1__seed42,internal_test,gender,male,1499,1499,311,0.2074716477651768,0,0,,placeholder
bscan_controlled__P1__seed42,internal_test,duration_tertile,short,1000,366,69,0.1885245901639344,634,191,0.30126182965299686,placeholder
bscan_controlled__P1__seed42,internal_test,duration_tertile,medium,999,541,107,0.1977818853974122,458,146,0.31877729257641924,placeholder
bscan_controlled__P1__seed42,internal_test,duration_tertile,long,999,592,135,0.22804054054054054,407,109,0.2678132678132678,placeholder
bscan_controlled__P1__seed42,internal_test,snr_proxy_tertile,low,1000,61,10,0.16393442622950818,939,287,0.30564430244941426,placeholder
bscan_controlled__P1__seed42,internal_test,snr_proxy_tertile,mid,999,552,116,0.21014492753623187,447,129,0.28859060402684567,placeholder
bscan_controlled__P1__seed42,internal_test,snr_proxy_tertile,high,999,886,185,0.208803611738149,113,30,0.26548672566371684,placeholder
bscan_controlled__P1__seed42,internal_test,trailing_silence,<0.05s,1472,0,0,,1472,440,0.29891304347826086,placeholder
bscan_controlled__P1__seed42,internal_test,trailing_silence,0.05-0.3s,26,0,0,,26,5,0.19230769230769232,placeholder
bscan_controlled__P1__seed42,internal_test,trailing_silence,>0.3s,1500,1499,311,0.2074716477651768,1,1,1.0,placeholder
bscan_controlled__P1__seed42,internal_test,clipping,unclipped,2998,1499,311,0.2074716477651768,1499,446,0.29753168779186123,placeholder
bscan_controlled__P1__seed42,internal_test,confidence_quintile,q1 (least),600,266,118,0.44360902255639095,334,145,0.4341317365269461,placeholder
bscan_controlled__P1__seed42,internal_test,confidence_quintile,q2,599,265,91,0.3433962264150943,334,119,0.3562874251497006,placeholder
bscan_controlled__P1__seed42,internal_test,confidence_quintile,q3,600,309,61,0.19741100323624594,291,90,0.30927835051546393,placeholder
bscan_controlled__P1__seed42,internal_test,confidence_quintile,q4,599,302,32,0.10596026490066225,297,71,0.23905723905723905,placeholder
bscan_controlled__P1__seed42,internal_test,confidence_quintile,q5 (most),600,357,9,0.025210084033613446,243,21,0.08641975308641975,placeholder
bscan_controlled__P1__seed42,external_BF-MOZ,corpus,BF-MOZ,5594,2797,162,0.05791919914193779,2797,884,0.3160529138362531,placeholder
bscan_controlled__P1__seed42,external_BF-MOZ,speaker,BF-MOZ-s1,918,0,0,,918,296,0.3224400871459695,placeholder
bscan_controlled__P1__seed42,external_BF-MOZ,speaker,BF-MOZ-s2,573,0,0,,573,170,0.29668411867364747,placeholder
bscan_controlled__P1__seed42,external_BF-MOZ,speaker,BF-MOZ-s3,537,0,0,,537,168,0.3128491620111732,placeholder
bscan_controlled__P1__seed42,external_BF-MOZ,speaker,BF-MOZ-s4,420,0,0,,420,134,0.319047619047619,placeholder
bscan_controlled__P1__seed42,external_BF-MOZ,speaker,BF-MOZ-s5,349,0,0,,349,116,0.332378223495702,placeholder
bscan_controlled__P1__seed42,external_BF-MOZ,speaker,BF-VITS-voice,2797,2797,162,0.05791919914193779,0,0,,placeholder
bscan_controlled__P1__seed42,external_BF-MOZ,gender,male,2797,2797,162,0.05791919914193779,0,0,,placeholder
bscan_controlled__P1__seed42,external_BF-MOZ,set,BF-MOZ-s1,1836,918,57,0.06209150326797386,918,296,0.3224400871459695,placeholder
bscan_controlled__P1__seed42,external_BF-MOZ,set,BF-MOZ-s2,1146,573,33,0.05759162303664921,573,170,0.29668411867364747,placeholder
bscan_controlled__P1__seed42,external_BF-MOZ,set,BF-MOZ-s3,1074,537,29,0.054003724394785846,537,168,0.3128491620111732,placeholder
bscan_controlled__P1__seed42,external_BF-MOZ,set,BF-MOZ-s4,840,420,27,0.06428571428571428,420,134,0.319047619047619,placeholder
bscan_controlled__P1__seed42,external_BF-MOZ,set,BF-MOZ-s5,698,349,16,0.045845272206303724,349,116,0.332378223495702,placeholder
bscan_controlled__P1__seed42,external_BF-MOZ,duration_tertile,short,1869,666,38,0.057057057057057055,1203,388,0.32252701579384874,placeholder
bscan_controlled__P1__seed42,external_BF-MOZ,duration_tertile,medium,1860,899,47,0.05228031145717464,961,304,0.31633714880332986,placeholder
bscan_controlled__P1__seed42,external_BF-MOZ,duration_tertile,long,1865,1232,77,0.0625,633,192,0.3033175355450237,placeholder
bscan_controlled__P1__seed42,external_BF-MOZ,snr_proxy_tertile,low,1865,749,45,0.06008010680907877,1116,345,0.30913978494623656,placeholder
bscan_controlled__P1__seed42,external_BF-MOZ,snr_proxy_tertile,mid,1864,1544,88,0.05699481865284974,320,99,0.309375,placeholder
bscan_controlled__P1__seed42,external_BF-MOZ,snr_proxy_tertile,high,1865,504,29,0.057539682539682536,1361,440,0.3232916972814107,placeholder
bscan_controlled__P1__seed42,external_BF-MOZ,trailing_silence,<0.05s,552,0,0,,552,175,0.3170289855072464,placeholder
bscan_controlled__P1__seed42,external_BF-MOZ,trailing_silence,0.05-0.3s,413,0,0,,413,133,0.3220338983050847,placeholder
bscan_controlled__P1__seed42,external_BF-MOZ,trailing_silence,>0.3s,4629,2797,162,0.05791919914193779,1832,576,0.314410480349345,placeholder
bscan_controlled__P1__seed42,external_BF-MOZ,clipping,clipped,44,0,0,,44,18,0.4090909090909091,placeholder
bscan_controlled__P1__seed42,external_BF-MOZ,clipping,unclipped,5550,2797,162,0.05791919914193779,2753,866,0.31456592807845984,placeholder
bscan_controlled__P1__seed42,external_BF-MOZ,confidence_quintile,q1 (least),1119,278,102,0.3669064748201439,841,374,0.4447086801426873,placeholder
bscan_controlled__P1__seed42,external_BF-MOZ,confidence_quintile,q2,1119,382,39,0.10209424083769633,737,272,0.36906377204884666,placeholder
bscan_controlled__P1__seed42,external_BF-MOZ,confidence_quintile,q3,1118,531,14,0.026365348399246705,587,156,0.2657580919931857,placeholder
bscan_controlled__P1__seed42,external_BF-MOZ,confidence_quintile,q4,1119,705,7,0.009929078014184398,414,69,0.16666666666666666,placeholder
bscan_controlled__P1__seed42,external_BF-MOZ,confidence_quintile,q5 (most),1119,901,0,0.0,218,13,0.05963302752293578,placeholder
bscan_controlled__P1__seed42,external_MEN,corpus,MEN,4500,2250,133,0.059111111111111114,2250,717,0.31866666666666665,placeholder
bscan_controlled__P1__seed42,external_MEN,speaker,MEN-S10F03,60,30,1,0.03333333333333333,30,6,0.2,placeholder
bscan_controlled__P1__seed42,external_MEN,speaker,MEN-S10F04,60,30,1,0.03333333333333333,30,10,0.3333333333333333,placeholder
bscan_controlled__P1__seed42,external_MEN,speaker,MEN-S10F05,60,30,2,0.06666666666666667,30,13,0.43333333333333335,placeholder
bscan_controlled__P1__seed42,external_MEN,speaker,MEN-S10M01,60,30,2,0.06666666666666667,30,11,0.36666666666666664,placeholder
bscan_controlled__P1__seed42,external_MEN,speaker,MEN-S10M02,60,30,2,0.06666666666666667,30,7,0.23333333333333334,placeholder
bscan_controlled__P1__seed42,external_MEN,speaker,MEN-S11F02,60,30,0,0.0,30,5,0.16666666666666666,placeholder
bscan_controlled__P1__seed42,external_MEN,speaker,MEN-S11F04,60,30,2,0.06666666666666667,30,13,0.43333333333333335,placeholder
bscan_controlled__P1__seed42,external_MEN,speaker,MEN-S11M01,60,30,5,0.16666666666666666,30,13,0.43333333333333335,placeholder
bscan_controlled__P1__seed42,external_MEN,speaker,MEN-S11M03,60,30,0,0.0,30,13,0.43333333333333335,placeholder
bscan_controlled__P1__seed42,external_MEN,speaker,MEN-S11M05,60,30,0,0.0,30,10,0.3333333333333333,placeholder
bscan_controlled__P1__seed42,external_MEN,speaker,MEN-S12F01,60,30,4,0.13333333333333333,30,10,0.3333333333333333,placeholder
bscan_controlled__P1__seed42,external_MEN,speaker,MEN-S12F02,60,30,3,0.1,30,12,0.4,placeholder
bscan_controlled__P1__seed42,external_MEN,speaker,MEN-S12F04,60,30,2,0.06666666666666667,30,8,0.26666666666666666,placeholder
bscan_controlled__P1__seed42,external_MEN,speaker,MEN-S12M03,60,30,3,0.1,30,8,0.26666666666666666,placeholder
bscan_controlled__P1__seed42,external_MEN,speaker,MEN-S12M05,60,30,1,0.03333333333333333,30,11,0.36666666666666664,placeholder
bscan_controlled__P1__seed42,external_MEN,speaker,MEN-S13F02,60,30,1,0.03333333333333333,30,10,0.3333333333333333,placeholder
bscan_controlled__P1__seed42,external_MEN,speaker,MEN-S13F03,60,30,0,0.0,30,10,0.3333333333333333,placeholder
bscan_controlled__P1__seed42,external_MEN,speaker,MEN-S13F05,60,30,1,0.03333333333333333,30,12,0.4,placeholder
bscan_controlled__P1__seed42,external_MEN,speaker,MEN-S13M01,60,30,1,0.03333333333333333,30,8,0.26666666666666666,placeholder
bscan_controlled__P1__seed42,external_MEN,speaker,MEN-S13M04,60,30,2,0.06666666666666667,30,12,0.4,placeholder
bscan_controlled__P1__seed42,external_MEN,speaker,MEN-S14F02,60,30,1,0.03333333333333333,30,6,0.2,placeholder
bscan_controlled__P1__seed42,external_MEN,speaker,MEN-S14M01,60,30,1,0.03333333333333333,30,13,0.43333333333333335,placeholder
bscan_controlled__P1__seed42,external_MEN,speaker,MEN-S14M03,60,30,3,0.1,30,10,0.3333333333333333,placeholder
bscan_controlled__P1__seed42,external_MEN,speaker,MEN-S14M04,60,30,4,0.13333333333333333,30,11,0.36666666666666664,placeholder
bscan_controlled__P1__seed42,external_MEN,speaker,MEN-S14M05,60,30,6,0.2,30,10,0.3333333333333333,placeholder
bscan_controlled__P1__seed42,external_MEN,speaker,MEN-S15F01,60,30,4,0.13333333333333333,30,8,0.26666666666666666,placeholder
bscan_controlled__P1__seed42,external_MEN,speaker,MEN-S15M02,60,30,0,0.0,30,9,0.3,placeholder
bscan_controlled__P1__seed42,external_MEN,speaker,MEN-S15M03,60,30,2,0.06666666666666667,30,7,0.23333333333333334,placeholder
bscan_controlled__P1__seed42,external_MEN,speaker,MEN-S15M04,60,30,1,0.03333333333333333,30,7,0.23333333333333334,placeholder
bscan_controlled__P1__seed42,external_MEN,speaker,MEN-S15M05,60,30,4,0.13333333333333333,30,7,0.23333333333333334,placeholder
bscan_controlled__P1__seed42,external_MEN,speaker,MEN-S1F03,60,30,1,0.03333333333333333,30,8,0.26666666666666666,placeholder
bscan_controlled__P1__seed42,external_MEN,speaker,MEN-S1F04,60,30,2,0.06666666666666667,30,12,0.4,placeholder
bscan_controlled__P1__seed42,external_MEN,speaker,MEN-S1F05,60,30,1,0.03333333333333333,30,12,0.4,placeholder
bscan_controlled__P1__seed42,external_MEN,speaker,MEN-S1M01,60,30,1,0.03333333333333333,30,9,0.3,placeholder
bscan_controlled__P1__seed42,external_MEN,speaker,MEN-S1M02,60,30,0,0.0,30,10,0.3333333333333333,placeholder
bscan_controlled__P1__seed42,external_MEN,speaker,MEN-S2F01,60,30,1,0.03333333333333333,30,12,0.4,placeholder
bscan_controlled__P1__seed42,external_MEN,speaker,MEN-S2M02,60,30,1,0.03333333333333333,30,7,0.23333333333333334,placeholder
bscan_controlled__P1__seed42,external_MEN,speaker,MEN-S2M03,60,30,3,0.1,30,10,0.3333333333333333,placeholder
bscan_controlled__P1__seed42,external_MEN,speaker,MEN-S2M04,60,30,2,0.06666666666666667,30,6,0.2,placeholder
bscan_controlled__P1__seed42,external_MEN,speaker,MEN-S2M05,60,30,2,0.06666666666666667,30,14,0.4666666666666667,placeholder
bscan_controlled__P1__seed42,external_MEN,speaker,MEN-S3F01,60,30,5,0.16666666666666666,30,10,0.3333333333333333,placeholder
bscan_controlled__P1__seed42,external_MEN,speaker,MEN-S3F02,60,30,4,0.13333333333333333,30,9,0.3,placeholder
bscan_controlled__P1__seed42,external_MEN,speaker,MEN-S3M03,60,30,1,0.03333333333333333,30,8,0.26666666666666666,placeholder
bscan_controlled__P1__seed42,external_MEN,speaker,MEN-S3M04,60,30,3,0.1,30,5,0.16666666666666666,placeholder
bscan_controlled__P1__seed42,external_MEN,speaker,MEN-S3M05,60,30,1,0.03333333333333333,30,10,0.3333333333333333,placeholder
bscan_controlled__P1__seed42,external_MEN,speaker,MEN-S4F02,60,30,1,0.03333333333333333,30,9,0.3,placeholder
bscan_controlled__P1__seed42,external_MEN,speaker,MEN-S4F03,60,30,3,0.1,30,8,0.26666666666666666,placeholder
bscan_controlled__P1__seed42,external_MEN,speaker,MEN-S4F04,60,30,2,0.06666666666666667,30,5,0.16666666666666666,placeholder
bscan_controlled__P1__seed42,external_MEN,speaker,MEN-S4F05,60,30,1,0.03333333333333333,30,13,0.43333333333333335,placeholder
bscan_controlled__P1__seed42,external_MEN,speaker,MEN-S4M01,60,30,3,0.1,30,7,0.23333333333333334,placeholder
bscan_controlled__P1__seed42,external_MEN,speaker,MEN-S5F01,60,30,1,0.03333333333333333,30,9,0.3,placeholder
bscan_controlled__P1__seed42,external_MEN,speaker,MEN-S5F03,60,30,2,0.06666666666666667,30,9,0.3,placeholder
bscan_controlled__P1__seed42,external_MEN,speaker,MEN-S5F05,60,30,0,0.0,30,6,0.2,placeholder
bscan_controlled__P1__seed42,external_MEN,speaker,MEN-S5M02,60,30,2,0.06666666666666667,30,10,0.3333333333333333,placeholder
bscan_controlled__P1__seed42,external_MEN,speaker,MEN-S5M04,60,30,2,0.06666666666666667,30,9,0.3,placeholder
bscan_controlled__P1__seed42,external_MEN,speaker,MEN-S6F03,60,30,1,0.03333333333333333,30,8,0.26666666666666666,placeholder
bscan_controlled__P1__seed42,external_MEN,speaker,MEN-S6F04,60,30,0,0.0,30,7,0.23333333333333334,placeholder
bscan_controlled__P1__seed42,external_MEN,speaker,MEN-S6M01,60,30,0,0.0,30,9,0.3,placeholder
bscan_controlled__P1__seed42,external_MEN,speaker,MEN-S6M02,60,30,1,0.03333333333333333,30,14,0.4666666666666667,placeholder
bscan_controlled__P1__seed42,external_MEN,speaker,MEN-S6M05,60,30,1,0.03333333333333333,30,12,0.4,placeholder
bscan_controlled__P1__seed42,external_MEN,speaker,MEN-S7F04,60,30,2,0.06666666666666667,30,7,0.23333333333333334,placeholder
bscan_controlled__P1__seed42,external_MEN,speaker,MEN-S7F05,60,30,0,0.0,30,12,0.4,placeholder
bscan_controlled__P1__seed42,external_MEN,speaker,MEN-S7M01,60,30,2,0.06666666666666667,30,14,0.4666666666666667,placeholder
bscan_controlled__P1__seed42,external_MEN,speaker,MEN-S7M02,60,30,2,0.06666666666666667,30,11,0.36666666666666664,placeholder
bscan_controlled__P1__seed42,external_MEN,speaker,MEN-S7M03,60,30,0,0.0,30,12,0.4,placeholder
bscan_controlled__P1__seed42,external_MEN,speaker,MEN-S8F01,60,30,3,0.1,30,7,0.23333333333333334,placeholder
bscan_controlled__P1__seed42,external_MEN,speaker,MEN-S8F02,60,30,0,0.0,30,10,0.3333333333333333,placeholder
bscan_controlled__P1__seed42,external_MEN,speaker,MEN-S8F03,60,30,0,0.0,30,7,0.23333333333333334,placeholder
bscan_controlled__P1__seed42,external_MEN,speaker,MEN-S8F04,60,30,2,0.06666666666666667,30,12,0.4,placeholder
bscan_controlled__P1__seed42,external_MEN,speaker,MEN-S8F05,60,30,2,0.06666666666666667,30,12,0.4,placeholder
bscan_controlled__P1__seed42,external_MEN,speaker,MEN-S9F01,60,30,4,0.13333333333333333,30,9,0.3,placeholder
bscan_controlled__P1__seed42,external_MEN,speaker,MEN-S9F03,60,30,0,0.0,30,8,0.26666666666666666,placeholder
bscan_controlled__P1__seed42,external_MEN,speaker,MEN-S9M02,60,30,1,0.03333333333333333,30,8,0.26666666666666666,placeholder
bscan_controlled__P1__seed42,external_MEN,speaker,MEN-S9M04,60,30,6,0.2,30,14,0.4666666666666667,placeholder
bscan_controlled__P1__seed42,external_MEN,speaker,MEN-S9M05,60,30,2,0.06666666666666667,30,7,0.23333333333333334,placeholder
bscan_controlled__P1__seed42,external_MEN,gender,female,2220,1110,60,0.05405405405405406,1110,344,0.3099099099099099,placeholder
bscan_controlled__P1__seed42,external_MEN,gender,male,2280,1140,73,0.06403508771929825,1140,373,0.32719298245614037,placeholder
bscan_controlled__P1__seed42,external_MEN,set,S1,300,150,5,0.03333333333333333,150,51,0.34,placeholder
bscan_controlled__P1__seed42,external_MEN,set,S10,300,150,8,0.05333333333333334,150,47,0.31333333333333335,placeholder
bscan_controlled__P1__seed42,external_MEN,set,S11,300,150,7,0.04666666666666667,150,54,0.36,placeholder
bscan_controlled__P1__seed42,external_MEN,set,S12,300,150,13,0.08666666666666667,150,49,0.32666666666666666,placeholder
bscan_controlled__P1__seed42,external_MEN,set,S13,300,150,5,0.03333333333333333,150,52,0.3466666666666667,placeholder
bscan_controlled__P1__seed42,external_MEN,set,S14,300,150,15,0.1,150,50,0.3333333333333333,placeholder
bscan_controlled__P1__seed42,external_MEN,set,S15,300,150,11,0.07333333333333333,150,38,0.25333333333333335,placeholder
bscan_controlled__P1__seed42,external_MEN,set,S2,300,150,9,0.06,150,49,0.32666666666666666,placeholder
bscan_controlled__P1__seed42,external_MEN,set,S3,300,150,14,0.09333333333333334,150,42,0.28,placeholder
bscan_controlled__P1__seed42,external_MEN,set,S4,300,150,10,0.06666666666666667,150,42,0.28,placeholder
bscan_controlled__P1__seed42,external_MEN,set,S5,300,150,7,0.04666666666666667,150,43,0.2866666666666667,placeholder
bscan_controlled__P1__seed42,external_MEN,set,S6,300,150,3,0.02,150,50,0.3333333333333333,placeholder
bscan_controlled__P1__seed42,external_MEN,set,S7,300,150,6,0.04,150,56,0.37333333333333335,placeholder
bscan_controlled__P1__seed42,external_MEN,set,S8,300,150,7,0.04666666666666667,150,48,0.32,placeholder
bscan_controlled__P1__seed42,external_MEN,set,S9,300,150,13,0.08666666666666667,150,46,0.30666666666666664,placeholder
bscan_controlled__P1__seed42,external_MEN,duration_tertile,short,1558,639,44,0.06885758998435054,919,303,0.3297062023939064,placeholder
bscan_controlled__P1__seed42,external_MEN,duration_tertile,medium,1481,757,41,0.05416116248348745,724,223,0.3080110497237569,placeholder
bscan_controlled__P1__seed42,external_MEN,duration_tertile,long,1461,854,48,0.05620608899297424,607,191,0.31466227347611203,placeholder
bscan_controlled__P1__seed42,external_MEN,snr_proxy_tertile,low,1500,5,0,0.0,1495,470,0.31438127090301005,placeholder
bscan_controlled__P1__seed42,external_MEN,snr_proxy_tertile,mid,1500,1032,64,0.06201550387596899,468,157,0.33547008547008544,placeholder
bscan_controlled__P1__seed42,external_MEN,snr_proxy_tertile,high,1500,1213,69,0.05688375927452597,287,90,0.313588850174216,placeholder
bscan_controlled__P1__seed42,external_MEN,trailing_silence,<0.05s,3842,1813,107,0.059018201875344733,2029,647,0.318876293740759,placeholder
bscan_controlled__P1__seed42,external_MEN,trailing_silence,0.05-0.3s,495,414,23,0.05555555555555555,81,20,0.24691358024691357,placeholder
bscan_controlled__P1__seed42,external_MEN,trailing_silence,>0.3s,163,23,3,0.13043478260869565,140,50,0.35714285714285715,placeholder
bscan_controlled__P1__seed42,external_MEN,clipping,clipped,1937,1925,114,0.05922077922077922,12,5,0.4166666666666667,placeholder
bscan_controlled__P1__seed42,external_MEN,clipping,unclipped,2563,325,19,0.05846153846153846,2238,712,0.31814119749776587,placeholder
bscan_controlled__P1__seed42,external_MEN,confidence_quintile,q1 (least),900,233,68,0.2918454935622318,667,301,0.4512743628185907,placeholder
bscan_controlled__P1__seed42,external_MEN,confidence_quintile,q2,900,337,46,0.13649851632047477,563,204,0.3623445825932504,placeholder
bscan_controlled__P1__seed42,external_MEN,confidence_quintile,q3,900,399,15,0.03759398496240601,501,119,0.2375249500998004,placeholder
bscan_controlled__P1__seed42,external_MEN,confidence_quintile,q4,900,544,4,0.007352941176470588,356,76,0.21348314606741572,placeholder
bscan_controlled__P1__seed42,external_MEN,confidence_quintile,q5 (most),900,737,0,0.0,163,17,0.10429447852760736,placeholder
lfcc_only__P1__seed42,internal_test,corpus,BF-SUST,2998,1499,254,0.1694462975316878,1499,150,0.1000667111407605,placeholder
lfcc_only__P1__seed42,internal_test,speaker,BF-SUST-speaker,1499,0,0,,1499,150,0.1000667111407605,placeholder
lfcc_only__P1__seed42,internal_test,speaker,BF-VITS-voice,1499,1499,254,0.1694462975316878,0,0,,placeholder
lfcc_only__P1__seed42,internal_test,gender,male,1499,1499,254,0.1694462975316878,0,0,,placeholder
lfcc_only__P1__seed42,internal_test,duration_tertile,short,1000,366,66,0.18032786885245902,634,66,0.10410094637223975,placeholder
lfcc_only__P1__seed42,internal_test,duration_tertile,medium,999,541,81,0.14972273567467653,458,44,0.09606986899563319,placeholder
lfcc_only__P1__seed42,internal_test,duration_tertile,long,999,592,107,0.18074324324324326,407,40,0.09828009828009827,placeholder
lfcc_only__P1__seed42,internal_test,snr_proxy_tertile,low,1000,61,11,0.18032786885245902,939,88,0.09371671991480299,placeholder
lfcc_only__P1__seed42,internal_test,snr_proxy_tertile,mid,999,552,90,0.16304347826086957,447,52,0.116331096196868,placeholder
lfcc_only__P1__seed42,internal_test,snr_proxy_tertile,high,999,886,153,0.172686230248307,113,10,0.08849557522123894,placeholder
lfcc_only__P1__seed42,internal_test,trailing_silence,<0.05s,1472,0,0,,1472,150,0.10190217391304347,placeholder
lfcc_only__P1__seed42,internal_test,trailing_silence,0.05-0.3s,26,0,0,,26,0,0.0,placeholder
lfcc_only__P1__seed42,internal_test,trailing_silence,>0.3s,1500,1499,254,0.1694462975316878,1,0,0.0,placeholder
lfcc_only__P1__seed42,internal_test,clipping,unclipped,2998,1499,254,0.1694462975316878,1499,150,0.1000667111407605,placeholder
lfcc_only__P1__seed42,internal_test,confidence_quintile,q1 (least),600,361,145,0.40166204986149584,239,88,0.3682008368200837,placeholder
lfcc_only__P1__seed42,internal_test,confidence_quintile,q2,599,331,64,0.1933534743202417,268,36,0.13432835820895522,placeholder
lfcc_only__P1__seed42,internal_test,confidence_quintile,q3,600,287,29,0.10104529616724739,313,18,0.05750798722044728,placeholder
lfcc_only__P1__seed42,internal_test,confidence_quintile,q4,599,289,13,0.04498269896193772,310,4,0.012903225806451613,placeholder
lfcc_only__P1__seed42,internal_test,confidence_quintile,q5 (most),600,231,3,0.012987012987012988,369,4,0.01084010840108401,placeholder
lfcc_only__P1__seed42,external_BF-MOZ,corpus,BF-MOZ,5594,2797,2187,0.7819091884161602,2797,267,0.09545942080800858,placeholder
lfcc_only__P1__seed42,external_BF-MOZ,speaker,BF-MOZ-s1,918,0,0,,918,93,0.10130718954248366,placeholder
lfcc_only__P1__seed42,external_BF-MOZ,speaker,BF-MOZ-s2,573,0,0,,573,55,0.09598603839441536,placeholder
lfcc_only__P1__seed42,external_BF-MOZ,speaker,BF-MOZ-s3,537,0,0,,537,45,0.08379888268156424,placeholder
lfcc_only__P1__seed42,external_BF-MOZ,speaker,BF-MOZ-s4,420,0,0,,420,42,0.1,placeholder
lfcc_only__P1__seed42,external_BF-MOZ,speaker,BF-MOZ-s5,349,0,0,,349,32,0.09169054441260745,placeholder
lfcc_only__P1__seed42,external_BF-MOZ,speaker,BF-VITS-voice,2797,2797,2187,0.7819091884161602,0,0,,placeholder
lfcc_only__P1__seed42,external_BF-MOZ,gender,male,2797,2797,2187,0.7819091884161602,0,0,,placeholder
lfcc_only__P1__seed42,external_BF-MOZ,set,BF-MOZ-s1,1836,918,721,0.7854030501089324,918,93,0.10130718954248366,placeholder
lfcc_only__P1__seed42,external_BF-MOZ,set,BF-MOZ-s2,1146,573,440,0.7678883071553229,573,55,0.09598603839441536,placeholder
lfcc_only__P1__seed42,external_BF-MOZ,set,BF-MOZ-s3,1074,537,414,0.770949720670391,537,45,0.08379888268156424,placeholder
lfcc_only__P1__seed42,external_BF-MOZ,set,BF-MOZ-s4,840,420,335,0.7976190476190477,420,42,0.1,placeholder
lfcc_only__P1__seed42,external_BF-MOZ,set,BF-MOZ-s5,698,349,277,0.7936962750716332,349,32,0.09169054441260745,placeholder
lfcc_only__P1__seed42,external_BF-MOZ,duration_tertile,short,1869,666,529,0.7942942942942943,1203,117,0.09725685785536159,placeholder
lfcc_only__P1__seed42,external_BF-MOZ,duration_tertile,medium,1860,899,685,0.7619577308120133,961,85,0.08844953173777315,placeholder
lfcc_only__P1__seed42,external_BF-MOZ,duration_tertile,long,1865,1232,973,0.7897727272727273,633,65,0.10268562401263823,placeholder
lfcc_only__P1__seed42,external_BF-MOZ,snr_proxy_tertile,low,1865,749,588,0.7850467289719626,1116,98,0.08781362007168458,placeholder
lfcc_only__P1__seed42,external_BF-MOZ,snr_proxy_tertile,mid,1864,1544,1195,0.7739637305699482,320,32,0.1,placeholder
lfcc_only__P1__seed42,external_BF-MOZ,snr_proxy_tertile,high,1865,504,404,0.8015873015873016,1361,137,0.10066127847171198,placeholder
lfcc_only__P1__seed42,external_BF-MOZ,trailing_silence,<0.05s,552,0,0,,552,43,0.07789855072463768,placeholder
lfcc_only__P1__seed42,external_BF-MOZ,trailing_silence,0.05-0.3s,413,0,0,,413,48,0.1162227602905569,placeholder
lfcc_only__P1__seed42,external_BF-MOZ,trailing_silence,>0.3s,4629,2797,2187,0.7819091884161602,1832,176,0.09606986899563319,placeholder
lfcc_only__P1__seed42,external_BF-MOZ,clipping,clipped,44,0,0,,44,3,0.06818181818181818,placeholder
lfcc_only__P1__seed42,external_BF-MOZ,clipping,unclipped,5550,2797,2187,0.7819091884161602,2753,264,0.09589538685070832,placeholder
lfcc_only__P1__seed42,external_BF-MOZ,confidence_quintile,q1 (least),1119,673,373,0.5542347696879644,446,153,0.3430493273542601,placeholder
lfcc_only__P1__seed42,external_BF-MOZ,confidence_quintile,q2,1119,639,458,0.7167449139280125,480,68,0.14166666666666666,placeholder
lfcc_only__P1__seed42,external_BF-MOZ,confidence_quintile,q3,1118,569,484,0.8506151142355008,549,32,0.058287795992714025,placeholder
lfcc_only__P1__seed42,external_BF-MOZ,confidence_quintile,q4,1119,517,484,0.9361702127659575,602,12,0.019933554817275746,placeholder
lfcc_only__P1__seed42,external_BF-MOZ,confidence_quintile,q5 (most),1119,399,388,0.9724310776942355,720,2,0.002777777777777778,placeholder
lfcc_only__P1__seed42,external_MEN,corpus,MEN,4500,2250,926,0.41155555555555556,2250,241,0.10711111111111112,placeholder
lfcc_only__P1__seed42,external_MEN,speaker,MEN-S10F03,60,30,12,0.4,30,3,0.1,placeholder
lfcc_only__P1__seed42,external_MEN,speaker,MEN-S10F04,60,30,12,0.4,30,3,0.1,placeholder
lfcc_only__P1__seed42,external_MEN,speaker,MEN-S10F05,60,30,17,0.5666666666666667,30,4,0.13333333333333333,placeholder
lfcc_only__P1__seed42,external_MEN,speaker,MEN-S10M01,60,30,8,0.26666666666666666,30,3,0.1,placeholder
lfcc_only__P1__seed42,external_MEN,speaker,MEN-S10M02,60,30,11,0.36666666666666664,30,4,0.13333333333333333,placeholder
lfcc_only__P1__seed42,external_MEN,speaker,MEN-S11F02,60,30,10,0.3333333333333333,30,3,0.1,placeholder
lfcc_only__P1__seed42,external_MEN,speaker,MEN-S11F04,60,30,14,0.4666666666666667,30,5,0.16666666666666666,placeholder
lfcc_only__P1__seed42,external_MEN,speaker,MEN-S11M01,60,30,15,0.5,30,1,0.03333333333333333,placeholder
lfcc_only__P1__seed42,external_MEN,speaker,MEN-S11M03,60,30,12,0.4,30,4,0.13333333333333333,placeholder
lfcc_only__P1__seed42,external_MEN,speaker,MEN-S11M05,60,30,14,0.4666666666666667,30,5,0.16666666666666666,placeholder
lfcc_only__P1__seed42,external_MEN,speaker,MEN-S12F01,60,30,15,0.5,30,3,0.1,placeholder
lfcc_only__P1__seed42,external_MEN,speaker,MEN-S12F02,60,30,9,0.3,30,3,0.1,placeholder
lfcc_only__P1__seed42,external_MEN,speaker,MEN-S12F04,60,30,15,0.5,30,4,0.13333333333333333,placeholder
lfcc_only__P1__seed42,external_MEN,speaker,MEN-S12M03,60,30,15,0.5,30,2,0.06666666666666667,placeholder
lfcc_only__P1__seed42,external_MEN,speaker,MEN-S12M05,60,30,15,0.5,30,4,0.13333333333333333,placeholder
lfcc_only__P1__seed42,external_MEN,speaker,MEN-S13F02,60,30,17,0.5666666666666667,30,1,0.03333333333333333,placeholder
lfcc_only__P1__seed42,external_MEN,speaker,MEN-S13F03,60,30,15,0.5,30,7,0.23333333333333334,placeholder
lfcc_only__P1__seed42,external_MEN,speaker,MEN-S13F05,60,30,11,0.36666666666666664,30,5,0.16666666666666666,placeholder
lfcc_only__P1__seed42,external_MEN,speaker,MEN-S13M01,60,30,10,0.3333333333333333,30,3,0.1,placeholder
lfcc_only__P1__seed42,external_MEN,speaker,MEN-S13M04,60,30,14,0.4666666666666667,30,4,0.13333333333333333,placeholder
lfcc_only__P1__seed42,external_MEN,speaker,MEN-S14F02,60,30,11,0.36666666666666664,30,0,0.0,placeholder
lfcc_only__P1__seed42,external_MEN,speaker,MEN-S14M01,60,30,16,0.5333333333333333,30,2,0.06666666666666667,placeholder
lfcc_only__P1__seed42,external_MEN,speaker,MEN-S14M03,60,30,9,0.3,30,0,0.0,placeholder
lfcc_only__P1__seed42,external_MEN,speaker,MEN-S14M04,60,30,12,0.4,30,4,0.13333333333333333,placeholder
lfcc_only__P1__seed42,external_MEN,speaker,MEN-S14M05,60,30,12,0.4,30,4,0.13333333333333333,placeholder
lfcc_only__P1__seed42,external_MEN,speaker,MEN-S15F01,60,30,12,0.4,30,2,0.06666666666666667,placeholder
lfcc_only__P1__seed42,external_MEN,speaker,MEN-S15M02,60,30,12,0.4,30,6,0.2,placeholder
lfcc_only__P1__seed42,external_MEN,speaker,MEN-S15M03,60,30,13,0.43333333333333335,30,5,0.16666666666666666,placeholder
lfcc_only__P1__seed42,external_MEN,speaker,MEN-S15M04,60,30,14,0.4666666666666667,30,3,0.1,placeholder
lfcc_only__P1__seed42,external_MEN,speaker,MEN-S15M05,60,30,11,0.36666666666666664,30,3,0.1,placeholder
lfcc_only__P1__seed42,external_MEN,speaker,MEN-S1F03,60,30,13,0.43333333333333335,30,5,0.16666666666666666,placeholder
lfcc_only__P1__seed42,external_MEN,speaker,MEN-S1F04,60,30,13,0.43333333333333335,30,2,0.06666666666666667,placeholder
lfcc_only__P1__seed42,external_MEN,speaker,MEN-S1F05,60,30,9,0.3,30,5,0.16666666666666666,placeholder
lfcc_only__P1__seed42,external_MEN,speaker,MEN-S1M01,60,30,10,0.3333333333333333,30,2,0.06666666666666667,placeholder
lfcc_only__P1__seed42,external_MEN,speaker,MEN-S1M02,60,30,11,0.36666666666666664,30,4,0.13333333333333333,placeholder
lfcc_only__P1__seed42,external_MEN,speaker,MEN-S2F01,60,30,13,0.43333333333333335,30,5,0.16666666666666666,placeholder
lfcc_only__P1__seed42,external_MEN,speaker,MEN-S2M02,60,30,10,0.3333333333333333,30,3,0.1,placeholder
lfcc_only__P1__seed42,external_MEN,speaker,MEN-S2M03,60,30,9,0.3,30,4,0.13333333333333333,placeholder
lfcc_only__P1__seed42,external_MEN,speaker,MEN-S2M04,60,30,12,0.4,30,2,0.06666666666666667,placeholder
lfcc_only__P1__seed42,external_MEN,speaker,MEN-S2M05,60,30,14,0.4666666666666667,30,3,0.1,placeholder
lfcc_only__P1__seed42,external_MEN,speaker,MEN-S3F01,60,30,10,0.3333333333333333,30,5,0.16666666666666666,placeholder
lfcc_only__P1__seed42,external_MEN,speaker,MEN-S3F02,60,30,13,0.43333333333333335,30,3,0.1,placeholder
lfcc_only__P1__seed42,external_MEN,speaker,MEN-S3M03,60,30,12,0.4,30,3,0.1,placeholder
lfcc_only__P1__seed42,external_MEN,speaker,MEN-S3M04,60,30,15,0.5,30,4,0.13333333333333333,placeholder
lfcc_only__P1__seed42,external_MEN,speaker,MEN-S3M05,60,30,16,0.5333333333333333,30,3,0.1,placeholder
lfcc_only__P1__seed42,external_MEN,speaker,MEN-S4F02,60,30,10,0.3333333333333333,30,1,0.03333333333333333,placeholder
lfcc_only__P1__seed42,external_MEN,speaker,MEN-S4F03,60,30,12,0.4,30,3,0.1,placeholder
lfcc_only__P1__seed42,external_MEN,speaker,MEN-S4F04,60,30,17,0.5666666666666667,30,2,0.06666666666666667,placeholder
lfcc_only__P1__seed42,external_MEN,speaker,MEN-S4F05,60,30,9,0.3,30,4,0.13333333333333333,placeholder
lfcc_only__P1__seed42,external_MEN,speaker,MEN-S4M01,60,30,13,0.43333333333333335,30,2,0.06666666666666667,placeholder
lfcc_only__P1__seed42,external_MEN,speaker,MEN-S5F01,60,30,14,0.4666666666666667,30,1,0.03333333333333333,placeholder
lfcc_only__P1__seed42,external_MEN,speaker,MEN-S5F03,60,30,9,0.3,30,5,0.16666666666666666,placeholder
lfcc_only__P1__seed42,external_MEN,speaker,MEN-S5F05,60,30,12,0.4,30,3,0.1,placeholder
lfcc_only__P1__seed42,external_MEN,speaker,MEN-S5M02,60,30,12,0.4,30,3,0.1,placeholder
lfcc_only__P1__seed42,external_MEN,speaker,MEN-S5M04,60,30,13,0.43333333333333335,30,4,0.13333333333333333,placeholder
lfcc_only__P1__seed42,external_MEN,speaker,MEN-S6F03,60,30,12,0.4,30,3,0.1,placeholder
lfcc_only__P1__seed42,external_MEN,speaker,MEN-S6F04,60,30,13,0.43333333333333335,30,2,0.06666666666666667,placeholder
lfcc_only__P1__seed42,external_MEN,speaker,MEN-S6M01,60,30,11,0.36666666666666664,30,6,0.2,placeholder
lfcc_only__P1__seed42,external_MEN,speaker,MEN-S6M02,60,30,13,0.43333333333333335,30,3,0.1,placeholder
lfcc_only__P1__seed42,external_MEN,speaker,MEN-S6M05,60,30,9,0.3,30,4,0.13333333333333333,placeholder
lfcc_only__P1__seed42,external_MEN,speaker,MEN-S7F04,60,30,12,0.4,30,3,0.1,placeholder
lfcc_only__P1__seed42,external_MEN,speaker,MEN-S7F05,60,30,12,0.4,30,4,0.13333333333333333,placeholder
lfcc_only__P1__seed42,external_MEN,speaker,MEN-S7M01,60,30,9,0.3,30,3,0.1,placeholder
lfcc_only__P1__seed42,external_MEN,speaker,MEN-S7M02,60,30,11,0.36666666666666664,30,4,0.13333333333333333,placeholder
lfcc_only__P1__seed42,external_MEN,speaker,MEN-S7M03,60,30,11,0.36666666666666664,30,2,0.06666666666666667,placeholder
lfcc_only__P1__seed42,external_MEN,speaker,MEN-S8F01,60,30,15,0.5,30,1,0.03333333333333333,placeholder
lfcc_only__P1__seed42,external_MEN,speaker,MEN-S8F02,60,30,16,0.5333333333333333,30,2,0.06666666666666667,placeholder
lfcc_only__P1__seed42,external_MEN,speaker,MEN-S8F03,60,30,16,0.5333333333333333,30,6,0.2,placeholder
lfcc_only__P1__seed42,external_MEN,speaker,MEN-S8F04,60,30,14,0.4666666666666667,30,2,0.06666666666666667,placeholder
lfcc_only__P1__seed42,external_MEN,speaker,MEN-S8F05,60,30,12,0.4,30,2,0.06666666666666667,placeholder
lfcc_only__P1__seed42,external_MEN,speaker,MEN-S9F01,60,30,13,0.43333333333333335,30,4,0.13333333333333333,placeholder
lfcc_only__P1__seed42,external_MEN,speaker,MEN-S9F03,60,30,7,0.23333333333333334,30,3,0.1,placeholder
lfcc_only__P1__seed42,external_MEN,speaker,MEN-S9M02,60,30,10,0.3333333333333333,30,3,0.1,placeholder
lfcc_only__P1__seed42,external_MEN,speaker,MEN-S9M04,60,30,14,0.4666666666666667,30,2,0.06666666666666667,placeholder
lfcc_only__P1__seed42,external_MEN,speaker,MEN-S9M05,60,30,12,0.4,30,1,0.03333333333333333,placeholder
lfcc_only__P1__seed42,external_MEN,gender,female,2220,1110,466,0.4198198198198198,1110,119,0.10720720720720721,placeholder
lfcc_only__P1__seed42,external_MEN,gender,male,2280,1140,460,0.40350877192982454,1140,122,0.10701754385964912,placeholder
lfcc_only__P1__seed42,external_MEN,set,S1,300,150,56,0.37333333333333335,150,18,0.12,placeholder
lfcc_only__P1__seed42,external_MEN,set,S10,300,150,60,0.4,150,17,0.11333333333333333,placeholder
lfcc_only__P1__seed42,external_MEN,set,S11,300,150,65,0.43333333333333335,150,18,0.12,placeholder
lfcc_only__P1__seed42,external_MEN,set,S12,300,150,69,0.46,150,16,0.10666666666666667,placeholder
lfcc_only__P1__seed42,external_MEN,set,S13,300,150,67,0.44666666666666666,150,20,0.13333333333333333,placeholder
lfcc_only__P1__seed42,external_MEN,set,S14,300,150,60,0.4,150,10,0.06666666666666667,placeholder
lfcc_only__P1__seed42,external_MEN,set,S15,300,150,62,0.41333333333333333,150,19,0.12666666666666668,placeholder
lfcc_only__P1__seed42,external_MEN,set,S2,300,150,58,0.38666666666666666,150,17,0.11333333333333333,placeholder
lfcc_only__P1__seed42,external_MEN,set,S3,300,150,66,0.44,150,18,0.12,placeholder
lfcc_only__P1__seed42,external_MEN,set,S4,300,150,61,0.4066666666666667,150,12,0.08,placeholder
lfcc_only__P1__seed42,external_MEN,set,S5,300,150,60,0.4,150,16,0.10666666666666667,placeholder
lfcc_only__P1__seed42,external_MEN,set,S6,300,150,58,0.38666666666666666,150,18,0.12,placeholder
lfcc_only__P1__seed42,external_MEN,set,S7,300,150,55,0.36666666666666664,150,16,0.10666666666666667,placeholder
lfcc_only__P1__seed42,external_MEN,set,S8,300,150,73,0.4866666666666667,150,13,0.08666666666666667,placeholder
lfcc_only__P1__seed42,external_MEN,set,S9,300,150,56,0.37333333333333335,150,13,0.08666666666666667,placeholder
lfcc_only__P1__seed42,external_MEN,duration_tertile,short,1558,639,265,0.41471048513302033,919,91,0.09902067464635474,placeholder
lfcc_only__P1__seed42,external_MEN,duration_tertile,medium,1481,757,295,0.38969616908850724,724,93,0.12845303867403315,placeholder
lfcc_only__P1__seed42,external_MEN,duration_tertile,long,1461,854,366,0.42857142857142855,607,57,0.09390444810543658,placeholder
lfcc_only__P1__seed42,external_MEN,snr_proxy_tertile,low,1500,5,4,0.8,1495,163,0.10903010033444815,placeholder
lfcc_only__P1__seed42,external_MEN,snr_proxy_tertile,mid,1500,1032,416,0.40310077519379844,468,52,0.1111111111111111,placeholder
lfcc_only__P1__seed42,external_MEN,snr_proxy_tertile,high,1500,1213,506,0.4171475680131904,287,26,0.09059233449477352,placeholder
lfcc_only__P1__seed42,external_MEN,trailing_silence,<0.05s,3842,1813,738,0.40706012134583563,2029,219,0.10793494332183341,placeholder
lfcc_only__P1__seed42,external_MEN,trailing_silence,0.05-0.3s,495,414,175,0.4227053140096618,81,9,0.1111111111111111,placeholder
lfcc_only__P1__seed42,external_MEN,trailing_silence,>0.3s,163,23,13,0.5652173913043478,140,13,0.09285714285714286,placeholder
lfcc_only__P1__seed42,external_MEN,clipping,clipped,1937,1925,792,0.4114285714285714,12,1,0.08333333333333333,placeholder
lfcc_only__P1__seed42,external_MEN,clipping,unclipped,2563,325,134,0.4123076923076923,2238,240,0.10723860589812333,placeholder
lfcc_only__P1__seed42,external_MEN,confidence_quintile,q1 (least),900,606,283,0.466996699669967,294,114,0.3877551020408163,placeholder
lfcc_only__P1__seed42,external_MEN,confidence_quintile,q2,900,591,266,0.4500846023688663,309,62,0.20064724919093851,placeholder
lfcc_only__P1__seed42,external_MEN,confidence_quintile,q3,900,494,201,0.4068825910931174,406,45,0.11083743842364532,placeholder
lfcc_only__P1__seed42,external_MEN,confidence_quintile,q4,900,374,120,0.32085561497326204,526,17,0.03231939163498099,placeholder
lfcc_only__P1__seed42,external_MEN,confidence_quintile,q5 (most),900,185,56,0.3027027027027027,715,3,0.004195804195804196,placeholder
lcnn_lfcc__P1__seed42,internal_test,corpus,BF-SUST,2998,1499,681,0.4543028685790527,1499,315,0.21014009339559706,placeholder
lcnn_lfcc__P1__seed42,internal_test,speaker,BF-SUST-speaker,1499,0,0,,1499,315,0.21014009339559706,placeholder
lcnn_lfcc__P1__seed42,internal_test,speaker,BF-VITS-voice,1499,1499,681,0.4543028685790527,0,0,,placeholder
lcnn_lfcc__P1__seed42,internal_test,gender,male,1499,1499,681,0.4543028685790527,0,0,,placeholder
lcnn_lfcc__P1__seed42,internal_test,duration_tertile,short,1000,366,155,0.42349726775956287,634,136,0.21451104100946372,placeholder
lcnn_lfcc__P1__seed42,internal_test,duration_tertile,medium,999,541,246,0.45471349353049906,458,96,0.2096069868995633,placeholder
lcnn_lfcc__P1__seed42,internal_test,duration_tertile,long,999,592,280,0.47297297297297297,407,83,0.20393120393120392,placeholder
lcnn_lfcc__P1__seed42,internal_test,snr_proxy_tertile,low,1000,61,30,0.4918032786885246,939,191,0.20340788072417465,placeholder
lcnn_lfcc__P1__seed42,internal_test,snr_proxy_tertile,mid,999,552,257,0.46557971014492755,447,101,0.22595078299776286,placeholder
lcnn_lfcc__P1__seed42,internal_test,snr_proxy_tertile,high,999,886,394,0.44469525959367945,113,23,0.20353982300884957,placeholder
lcnn_lfcc__P1__seed42,internal_test,trailing_silence,<0.05s,1472,0,0,,1472,311,0.2112771739130435,placeholder
lcnn_lfcc__P1__seed42,internal_test,trailing_silence,0.05-0.3s,26,0,0,,26,4,0.15384615384615385,placeholder
lcnn_lfcc__P1__seed42,internal_test,trailing_silence,>0.3s,1500,1499,681,0.4543028685790527,1,0,0.0,placeholder
lcnn_lfcc__P1__seed42,internal_test,clipping,unclipped,2998,1499,681,0.4543028685790527,1499,315,0.21014009339559706,placeholder
lcnn_lfcc__P1__seed42,internal_test,confidence_quintile,q1 (least),600,344,178,0.5174418604651163,256,106,0.4140625,placeholder
lcnn_lfcc__P1__seed42,internal_test,confidence_quintile,q2,599,345,161,0.4666666666666667,254,85,0.3346456692913386,placeholder
lcnn_lfcc__P1__seed42,internal_test,confidence_quintile,q3,600,300,135,0.45,300,66,0.22,placeholder
lcnn_lfcc__P1__seed42,internal_test,confidence_quintile,q4,599,293,125,0.42662116040955633,306,39,0.12745098039215685,placeholder
lcnn_lfcc__P1__seed42,internal_test,confidence_quintile,q5 (most),600,217,82,0.3778801843317972,383,19,0.04960835509138381,placeholder
lcnn_lfcc__P1__seed42,external_BF-MOZ,corpus,BF-MOZ,5594,2797,917,0.32785126921701824,2797,562,0.20092956739363604,placeholder
lcnn_lfcc__P1__seed42,external_BF-MOZ,speaker,BF-MOZ-s1,918,0,0,,918,203,0.22113289760348584,placeholder
lcnn_lfcc__P1__seed42,external_BF-MOZ,speaker,BF-MOZ-s2,573,0,0,,573,107,0.18673647469458987,placeholder
lcnn_lfcc__P1__seed42,external_BF-MOZ,speaker,BF-MOZ-s3,537,0,0,,537,109,0.20297951582867785,placeholder
lcnn_lfcc__P1__seed42,external_BF-MOZ,speaker,BF-MOZ-s4,420,0,0,,420,73,0.1738095238095238,placeholder
lcnn_lfcc__P1__seed42,external_BF-MOZ,speaker,BF-MOZ-s5,349,0,0,,349,70,0.20057306590257878,placeholder
lcnn_lfcc__P1__seed42,external_BF-MOZ,speaker,BF-VITS-voice,2797,2797,917,0.32785126921701824,0,0,,placeholder
lcnn_lfcc__P1__seed42,external_BF-MOZ,gender,male,2797,2797,917,0.32785126921701824,0,0,,placeholder
lcnn_lfcc__P1__seed42,external_BF-MOZ,set,BF-MOZ-s1,1836,918,293,0.31917211328976036,918,203,0.22113289760348584,placeholder
lcnn_lfcc__P1__seed42,external_BF-MOZ,set,BF-MOZ-s2,1146,573,190,0.33158813263525305,573,107,0.18673647469458987,placeholder
lcnn_lfcc__P1__seed42,external_BF-MOZ,set,BF-MOZ-s3,1074,537,176,0.32774674115456237,537,109,0.20297951582867785,placeholder
lcnn_lfcc__P1__seed42,external_BF-MOZ,set,BF-MOZ-s4,840,420,140,0.3333333333333333,420,73,0.1738095238095238,placeholder
lcnn_lfcc__P1__seed42,external_BF-MOZ,set,BF-MOZ-s5,698,349,118,0.33810888252148996,349,70,0.20057306590257878,placeholder
lcnn_lfcc__P1__seed42,external_BF-MOZ,duration_tertile,short,1869,666,212,0.3183183183183183,1203,247,0.2053200332502078,placeholder
lcnn_lfcc__P1__seed42,external_BF-MOZ,duration_tertile,medium,1860,899,274,0.3047830923248053,961,188,0.19562955254942768,placeholder
lcnn_lfcc__P1__seed42,external_BF-MOZ,duration_tertile,long,1865,1232,431,0.34983766233766234,633,127,0.20063191153238547,placeholder
lcnn_lfcc__P1__seed42,external_BF-MOZ,snr_proxy_tertile,low,1865,749,251,0.33511348464619495,1116,217,0.19444444444444445,placeholder
lcnn_lfcc__P1__seed42,external_BF-MOZ,snr_proxy_tertile,mid,1864,1544,507,0.3283678756476684,320,64,0.2,placeholder
lcnn_lfcc__P1__seed42,external_BF-MOZ,snr_proxy_tertile,high,1865,504,159,0.31547619047619047,1361,281,0.2064658339456282,placeholder
lcnn_lfcc__P1__seed42,external_BF-MOZ,trailing_silence,<0.05s,552,0,0,,552,105,0.19021739130434784,placeholder
lcnn_lfcc__P1__seed42,external_BF-MOZ,trailing_silence,0.05-0.3s,413,0,0,,413,79,0.19128329297820823,placeholder
lcnn_lfcc__P1__seed42,external_BF-MOZ,trailing_silence,>0.3s,4629,2797,917,0.32785126921701824,1832,378,0.20633187772925765,placeholder
lcnn_lfcc__P1__seed42,external_BF-MOZ,clipping,clipped,44,0,0,,44,14,0.3181818181818182,placeholder
lcnn_lfcc__P1__seed42,external_BF-MOZ,clipping,unclipped,5550,2797,917,0.32785126921701824,2753,548,0.1990555757355612,placeholder
lcnn_lfcc__P1__seed42,external_BF-MOZ,confidence_quintile,q1 (least),1119,614,293,0.4771986970684039,505,214,0.42376237623762375,placeholder
lcnn_lfcc__P1__seed42,external_BF-MOZ,confidence_quintile,q2,1119,598,232,0.3879598662207358,521,170,0.32629558541266795,placeholder
lcnn_lfcc__P1__seed42,external_BF-MOZ,confidence_quintile,q3,1118,606,190,0.31353135313531355,512,84,0.1640625,placeholder
lcnn_lfcc__P1__seed42,external_BF-MOZ,confidence_quintile,q4,1119,535,134,0.2504672897196262,584,66,0.11301369863013698,placeholder
lcnn_lfcc__P1__seed42,external_BF-MOZ,confidence_quintile,q5 (most),1119,444,68,0.15315315315315314,675,28,0.04148148148148148,placeholder
lcnn_lfcc__P1__seed42,external_MEN,corpus,MEN,4500,2250,900,0.4,2250,500,0.2222222222222222,placeholder
lcnn_lfcc__P1__seed42,external_MEN,speaker,MEN-S10F03,60,30,9,0.3,30,6,0.2,placeholder
lcnn_lfcc__P1__seed42,external_MEN,speaker,MEN-S10F04,60,30,13,0.43333333333333335,30,2,0.06666666666666667,placeholder
lcnn_lfcc__P1__seed42,external_MEN,speaker,MEN-S10F05,60,30,13,0.43333333333333335,30,5,0.16666666666666666,placeholder
lcnn_lfcc__P1__seed42,external_MEN,speaker,MEN-S10M01,60,30,14,0.4666666666666667,30,11,0.36666666666666664,placeholder
lcnn_lfcc__P1__seed42,external_MEN,speaker,MEN-S10M02,60,30,12,0.4,30,3,0.1,placeholder
lcnn_lfcc__P1__seed42,external_MEN,speaker,MEN-S11F02,60,30,12,0.4,30,3,0.1,placeholder
lcnn_lfcc__P1__seed42,external_MEN,speaker,MEN-S11F04,60,30,16,0.5333333333333333,30,6,0.2,placeholder
lcnn_lfcc__P1__seed42,external_MEN,speaker,MEN-S11M01,60,30,14,0.4666666666666667,30,9,0.3,placeholder
lcnn_lfcc__P1__seed42,external_MEN,speaker,MEN-S11M03,60,30,13,0.43333333333333335,30,7,0.23333333333333334,placeholder
lcnn_lfcc__P1__seed42,external_MEN,speaker,MEN-S11M05,60,30,9,0.3,30,7,0.23333333333333334,placeholder
lcnn_lfcc__P1__seed42,external_MEN,speaker,MEN-S12F01,60,30,13,0.43333333333333335,30,8,0.26666666666666666,placeholder
lcnn_lfcc__P1__seed42,external_MEN,speaker,MEN-S12F02,60,30,15,0.5,30,7,0.23333333333333334,placeholder
lcnn_lfcc__P1__seed42,external_MEN,speaker,MEN-S12F04,60,30,14,0.4666666666666667,30,8,0.26666666666666666,placeholder
lcnn_lfcc__P1__seed42,external_MEN,speaker,MEN-S12M03,60,30,11,0.36666666666666664,30,8,0.26666666666666666,placeholder
lcnn_lfcc__P1__seed42,external_MEN,speaker,MEN-S12M05,60,30,13,0.43333333333333335,30,6,0.2,placeholder
lcnn_lfcc__P1__seed42,external_MEN,speaker,MEN-S13F02,60,30,13,0.43333333333333335,30,8,0.26666666666666666,placeholder
lcnn_lfcc__P1__seed42,external_MEN,speaker,MEN-S13F03,60,30,11,0.36666666666666664,30,7,0.23333333333333334,placeholder
lcnn_lfcc__P1__seed42,external_MEN,speaker,MEN-S13F05,60,30,10,0.3333333333333333,30,9,0.3,placeholder
lcnn_lfcc__P1__seed42,external_MEN,speaker,MEN-S13M01,60,30,8,0.26666666666666666,30,6,0.2,placeholder
lcnn_lfcc__P1__seed42,external_MEN,speaker,MEN-S13M04,60,30,8,0.26666666666666666,30,5,0.16666666666666666,placeholder
lcnn_lfcc__P1__seed42,external_MEN,speaker,MEN-S14F02,60,30,9,0.3,30,3,0.1,placeholder
lcnn_lfcc__P1__seed42,external_MEN,speaker,MEN-S14M01,60,30,10,0.3333333333333333,30,4,0.13333333333333333,placeholder
lcnn_lfcc__P1__seed42,external_MEN,speaker,MEN-S14M03,60,30,12,0.4,30,6,0.2,placeholder
lcnn_lfcc__P1__seed42,external_MEN,speaker,MEN-S14M04,60,30,11,0.36666666666666664,30,7,0.23333333333333334,placeholder
lcnn_lfcc__P1__seed42,external_MEN,speaker,MEN-S14M05,60,30,13,0.43333333333333335,30,5,0.16666666666666666,placeholder
lcnn_lfcc__P1__seed42,external_MEN,speaker,MEN-S15F01,60,30,15,0.5,30,7,0.23333333333333334,placeholder
lcnn_lfcc__P1__seed42,external_MEN,speaker,MEN-S15M02,60,30,12,0.4,30,7,0.23333333333333334,placeholder
lcnn_lfcc__P1__seed42,external_MEN,speaker,MEN-S15M03,60,30,11,0.36666666666666664,30,8,0.26666666666666666,placeholder
lcnn_lfcc__P1__seed42,external_MEN,speaker,MEN-S15M04,60,30,11,0.36666666666666664,30,8,0.26666666666666666,placeholder
lcnn_lfcc__P1__seed42,external_MEN,speaker,MEN-S15M05,60,30,12,0.4,30,6,0.2,placeholder
lcnn_lfcc__P1__seed42,external_MEN,speaker,MEN-S1F03,60,30,12,0.4,30,7,0.23333333333333334,placeholder
lcnn_lfcc__P1__seed42,external_MEN,speaker,MEN-S1F04,60,30,10,0.3333333333333333,30,6,0.2,placeholder
lcnn_lfcc__P1__seed42,external_MEN,speaker,MEN-S1F05,60,30,11,0.36666666666666664,30,4,0.13333333333333333,placeholder
lcnn_lfcc__P1__seed42,external_MEN,speaker,MEN-S1M01,60,30,16,0.5333333333333333,30,7,0.23333333333333334,placeholder
lcnn_lfcc__P1__seed42,external_MEN,speaker,MEN-S1M02,60,30,11,0.36666666666666664,30,6,0.2,placeholder
lcnn_lfcc__P1__seed42,external_MEN,speaker,MEN-S2F01,60,30,10,0.3333333333333333,30,9,0.3,placeholder
lcnn_lfcc__P1__seed42,external_MEN,speaker,MEN-S2M02,60,30,12,0.4,30,6,0.2,placeholder
lcnn_lfcc__P1__seed42,external_MEN,speaker,MEN-S2M03,60,30,11,0.36666666666666664,30,8,0.26666666666666666,placeholder
lcnn_lfcc__P1__seed42,external_MEN,speaker,MEN-S2M04,60,30,12,0.4,30,8,0.26666666666666666,placeholder
lcnn_lfcc__P1__seed42,external_MEN,speaker,MEN-S2M05,60,30,17,0.5666666666666667,30,11,0.36666666666666664,placeholder
lcnn_lfcc__P1__seed42,external_MEN,speaker,MEN-S3F01,60,30,10,0.3333333333333333,30,10,0.3333333333333333,placeholder
lcnn_lfcc__P1__seed42,external_MEN,speaker,MEN-S3F02,60,30,7,0.23333333333333334,30,8,0.26666666666666666,placeholder
lcnn_lfcc__P1__seed42,external_MEN,speaker,MEN-S3M03,60,30,15,0.5,30,9,0.3,placeholder
lcnn_lfcc__P1__seed42,external_MEN,speaker,MEN-S3M04,60,30,10,0.3333333333333333,30,6,0.2,placeholder
lcnn_lfcc__P1__seed42,external_MEN,speaker,MEN-S3M05,60,30,8,0.26666666666666666,30,7,0.23333333333333334,placeholder
lcnn_lfcc__P1__seed42,external_MEN,speaker,MEN-S4F02,60,30,10,0.3333333333333333,30,7,0.23333333333333334,placeholder
lcnn_lfcc__P1__seed42,external_MEN,speaker,MEN-S4F03,60,30,10,0.3333333333333333,30,12,0.4,placeholder
lcnn_lfcc__P1__seed42,external_MEN,speaker,MEN-S4F04,60,30,14,0.4666666666666667,30,8,0.26666666666666666,placeholder
lcnn_lfcc__P1__seed42,external_MEN,speaker,MEN-S4F05,60,30,13,0.43333333333333335,30,5,0.16666666666666666,placeholder
lcnn_lfcc__P1__seed42,external_MEN,speaker,MEN-S4M01,60,30,11,0.36666666666666664,30,8,0.26666666666666666,placeholder
lcnn_lfcc__P1__seed42,external_MEN,speaker,MEN-S5F01,60,30,15,0.5,30,4,0.13333333333333333,placeholder
lcnn_lfcc__P1__seed42,external_MEN,speaker,MEN-S5F03,60,30,11,0.36666666666666664,30,4,0.13333333333333333,placeholder
lcnn_lfcc__P1__seed42,external_MEN,speaker,MEN-S5F05,60,30,10,0.3333333333333333,30,5,0.16666666666666666,placeholder
lcnn_lfcc__P1__seed42,external_MEN,speaker,MEN-S5M02,60,30,12,0.4,30,6,0.2,placeholder
lcnn_lfcc__P1__seed42,external_MEN,speaker,MEN-S5M04,60,30,9,0.3,30,4,0.13333333333333333,placeholder
lcnn_lfcc__P1__seed42,external_MEN,speaker,MEN-S6F03,60,30,13,0.43333333333333335,30,3,0.1,placeholder
lcnn_lfcc__P1__seed42,external_MEN,speaker,MEN-S6F04,60,30,16,0.5333333333333333,30,11,0.36666666666666664,placeholder
lcnn_lfcc__P1__seed42,external_MEN,speaker,MEN-S6M01,60,30,6,0.2,30,7,0.23333333333333334,placeholder
lcnn_lfcc__P1__seed42,external_MEN,speaker,MEN-S6M02,60,30,16,0.5333333333333333,30,6,0.2,placeholder
lcnn_lfcc__P1__seed42,external_MEN,speaker,MEN-S6M05,60,30,10,0.3333333333333333,30,7,0.23333333333333334,placeholder
lcnn_lfcc__P1__seed42,external_MEN,speaker,MEN-S7F04,60,30,12,0.4,30,6,0.2,placeholder
lcnn_lfcc__P1__seed42,external_MEN,speaker,MEN-S7F05,60,30,12,0.4,30,9,0.3,placeholder
lcnn_lfcc__P1__seed42,external_MEN,speaker,MEN-S7M01,60,30,9,0.3,30,6,0.2,placeholder
lcnn_lfcc__P1__seed42,external_MEN,speaker,MEN-S7M02,60,30,12,0.4,30,7,0.23333333333333334,placeholder
lcnn_lfcc__P1__seed42,external_MEN,speaker,MEN-S7M03,60,30,11,0.36666666666666664,30,9,0.3,placeholder
lcnn_lfcc__P1__seed42,external_MEN,speaker,MEN-S8F01,60,30,17,0.5666666666666667,30,9,0.3,placeholder
lcnn_lfcc__P1__seed42,external_MEN,speaker,MEN-S8F02,60,30,16,0.5333333333333333,30,6,0.2,placeholder
lcnn_lfcc__P1__seed42,external_MEN,speaker,MEN-S8F03,60,30,18,0.6,30,9,0.3,placeholder
lcnn_lfcc__P1__seed42,external_MEN,speaker,MEN-S8F04,60,30,14,0.4666666666666667,30,4,0.13333333333333333,placeholder
lcnn_lfcc__P1__seed42,external_MEN,speaker,MEN-S8F05,60,30,11,0.36666666666666664,30,5,0.16666666666666666,placeholder
lcnn_lfcc__P1__seed42,external_MEN,speaker,MEN-S9F01,60,30,8,0.26666666666666666,30,2,0.06666666666666667,placeholder
lcnn_lfcc__P1__seed42,external_MEN,speaker,MEN-S9F03,60,30,6,0.2,30,10,0.3333333333333333,placeholder
lcnn_lfcc__P1__seed42,external_MEN,speaker,MEN-S9M02,60,30,18,0.6,30,5,0.16666666666666666,placeholder
lcnn_lfcc__P1__seed42,external_MEN,speaker,MEN-S9M04,60,30,14,0.4666666666666667,30,3,0.1,placeholder
lcnn_lfcc__P1__seed42,external_MEN,speaker,MEN-S9M05,60,30,17,0.5666666666666667,30,9,0.3,placeholder
lcnn_lfcc__P1__seed42,external_MEN,gender,female,2220,1110,449,0.4045045045045045,1110,242,0.218018018018018,placeholder
lcnn_lfcc__P1__seed42,external_MEN,gender,male,2280,1140,451,0.3956140350877193,1140,258,0.22631578947368422,placeholder
lcnn_lfcc__P1__seed42,external_MEN,set,S1,300,150,60,0.4,150,30,0.2,placeholder
lcnn_lfcc__P1__seed42,external_MEN,set,S10,300,150,61,0.4066666666666667,150,27,0.18,placeholder
lcnn_lfcc__P1__seed42,external_MEN,set,S11,300,150,64,0.4266666666666667,150,32,0.21333333333333335,placeholder
lcnn_lfcc__P1__seed42,external_MEN,set,S12,300,150,66,0.44,150,37,0.24666666666666667,placeholder
lcnn_lfcc__P1__seed42,external_MEN,set,S13,300,150,50,0.3333333333333333,150,35,0.23333333333333334,placeholder
lcnn_lfcc__P1__seed42,external_MEN,set,S14,300,150,55,0.36666666666666664,150,25,0.16666666666666666,placeholder
lcnn_lfcc__P1__seed42,external_MEN,set,S15,300,150,61,0.4066666666666667,150,36,0.24,placeholder
lcnn_lfcc__P1__seed42,external_MEN,set,S2,300,150,62,0.41333333333333333,150,42,0.28,placeholder
lcnn_lfcc__P1__seed42,external_MEN,set,S3,300,150,50,0.3333333333333333,150,40,0.26666666666666666,placeholder
lcnn_lfcc__P1__seed42,external_MEN,set,S4,300,150,58,0.38666666666666666,150,40,0.26666666666666666,placeholder
lcnn_lfcc__P1__seed42,external_MEN,set,S5,300,150,57,0.38,150,23,0.15333333333333332,placeholder
lcnn_lfcc__P1__seed42,external_MEN,set,S6,300,150,61,0.4066666666666667,150,34,0.22666666666666666,placeholder
lcnn_lfcc__P1__seed42,external_MEN,set,S7,300,150,56,0.37333333333333335,150,37,0.24666666666666667,placeholder
lcnn_lfcc__P1__seed42,external_MEN,set,S8,300,150,76,0.5066666666666667,150,33,0.22,placeholder
lcnn_lfcc__P1__seed42,external_MEN,set,S9,300,150,63,0.42,150,29,0.19333333333333333,placeholder
lcnn_lfcc__P1__seed42,external_MEN,duration_tertile,short,1558,639,256,0.40062597809076683,919,193,0.2100108813928183,placeholder
lcnn_lfcc__P1__seed42,external_MEN,duration_tertile,medium,1481,757,303,0.4002642007926024,724,165,0.22790055248618785,placeholder
lcnn_lfcc__P1__seed42,external_MEN,duration_tertile,long,1461,854,341,0.3992974238875878,607,142,0.23393739703459637,placeholder
lcnn_lfcc__P1__seed42,external_MEN,snr_proxy_tertile,low,1500,5,1,0.2,1495,323,0.21605351170568562,placeholder
lcnn_lfcc__P1__seed42,external_MEN,snr_proxy_tertile,mid,1500,1032,425,0.4118217054263566,468,113,0.24145299145299146,placeholder
lcnn_lfcc__P1__seed42,external_MEN,snr_proxy_tertile,high,1500,1213,474,0.3907666941467436,287,64,0.2229965156794425,placeholder
lcnn_lfcc__P1__seed42,external_MEN,trailing_silence,<0.05s,3842,1813,717,0.3954771097628241,2029,450,0.22178413011335632,placeholder
lcnn_lfcc__P1__seed42,external_MEN,trailing_silence,0.05-0.3s,495,414,173,0.4178743961352657,81,16,0.19753086419753085,placeholder
lcnn_lfcc__P1__seed42,external_MEN,trailing_silence,>0.3s,163,23,10,0.43478260869565216,140,34,0.24285714285714285,placeholder
lcnn_lfcc__P1__seed42,external_MEN,clipping,clipped,1937,1925,775,0.4025974025974026,12,2,0.16666666666666666,placeholder
lcnn_lfcc__P1__seed42,external_MEN,clipping,unclipped,2563,325,125,0.38461538461538464,2238,498,0.2225201072386059,placeholder
lcnn_lfcc__P1__seed42,external_MEN,confidence_quintile,q1 (least),900,521,256,0.491362763915547,379,166,0.43799472295514513,placeholder
lcnn_lfcc__P1__seed42,external_MEN,confidence_quintile,q2,900,501,228,0.4550898203592814,399,147,0.3684210526315789,placeholder
lcnn_lfcc__P1__seed42,external_MEN,confidence_quintile,q3,900,475,197,0.4147368421052632,425,112,0.2635294117647059,placeholder
lcnn_lfcc__P1__seed42,external_MEN,confidence_quintile,q4,900,437,135,0.30892448512585813,463,57,0.12311015118790497,placeholder
lcnn_lfcc__P1__seed42,external_MEN,confidence_quintile,q5 (most),900,316,84,0.26582278481012656,584,18,0.030821917808219176,placeholder
bscan_orig6s__P1__seed42,internal_test,corpus,BF-SUST,2998,1499,211,0.14076050700466977,1499,161,0.10740493662441628,placeholder
bscan_orig6s__P1__seed42,internal_test,speaker,BF-SUST-speaker,1499,0,0,,1499,161,0.10740493662441628,placeholder
bscan_orig6s__P1__seed42,internal_test,speaker,BF-VITS-voice,1499,1499,211,0.14076050700466977,0,0,,placeholder
bscan_orig6s__P1__seed42,internal_test,gender,male,1499,1499,211,0.14076050700466977,0,0,,placeholder
bscan_orig6s__P1__seed42,internal_test,duration_tertile,short,1000,366,52,0.14207650273224043,634,76,0.11987381703470032,placeholder
bscan_orig6s__P1__seed42,internal_test,duration_tertile,medium,999,541,82,0.15157116451016636,458,41,0.08951965065502183,placeholder
bscan_orig6s__P1__seed42,internal_test,duration_tertile,long,999,592,77,0.13006756756756757,407,44,0.10810810810810811,placeholder
bscan_orig6s__P1__seed42,internal_test,snr_proxy_tertile,low,1000,61,10,0.16393442622950818,939,107,0.11395101171458999,placeholder
bscan_orig6s__P1__seed42,internal_test,snr_proxy_tertile,mid,999,552,76,0.13768115942028986,447,43,0.09619686800894854,placeholder
bscan_orig6s__P1__seed42,internal_test,snr_proxy_tertile,high,999,886,125,0.14108352144469527,113,11,0.09734513274336283,placeholder
bscan_orig6s__P1__seed42,internal_test,trailing_silence,<0.05s,1472,0,0,,1472,160,0.10869565217391304,placeholder
bscan_orig6s__P1__seed42,internal_test,trailing_silence,0.05-0.3s,26,0,0,,26,1,0.038461538461538464,placeholder
bscan_orig6s__P1__seed42,internal_test,trailing_silence,>0.3s,1500,1499,211,0.14076050700466977,1,0,0.0,placeholder
bscan_orig6s__P1__seed42,internal_test,clipping,unclipped,2998,1499,211,0.14076050700466977,1499,161,0.10740493662441628,placeholder
bscan_orig6s__P1__seed42,internal_test,confidence_quintile,q1 (least),600,326,135,0.41411042944785276,274,95,0.3467153284671533,placeholder
bscan_orig6s__P1__seed42,internal_test,confidence_quintile,q2,599,317,50,0.15772870662460567,282,45,0.1595744680851064,placeholder
bscan_orig6s__P1__seed42,internal_test,confidence_quintile,q3,600,299,18,0.06020066889632107,301,13,0.04318936877076412,placeholder
bscan_orig6s__P1__seed42,internal_test,confidence_quintile,q4,599,278,6,0.02158273381294964,321,7,0.021806853582554516,placeholder
bscan_orig6s__P1__seed42,internal_test,confidence_quintile,q5 (most),600,279,2,0.007168458781362007,321,1,0.003115264797507788,placeholder
bscan_orig6s__P1__seed42,external_BF-MOZ,corpus,BF-MOZ,5594,2797,2110,0.7543796925277083,2797,299,0.10690025026814444,placeholder
bscan_orig6s__P1__seed42,external_BF-MOZ,speaker,BF-MOZ-s1,918,0,0,,918,99,0.10784313725490197,placeholder
bscan_orig6s__P1__seed42,external_BF-MOZ,speaker,BF-MOZ-s2,573,0,0,,573,68,0.11867364746945899,placeholder
bscan_orig6s__P1__seed42,external_BF-MOZ,speaker,BF-MOZ-s3,537,0,0,,537,46,0.0856610800744879,placeholder
bscan_orig6s__P1__seed42,external_BF-MOZ,speaker,BF-MOZ-s4,420,0,0,,420,53,0.1261904761904762,placeholder
bscan_orig6s__P1__seed42,external_BF-MOZ,speaker,BF-MOZ-s5,349,0,0,,349,33,0.09455587392550144,placeholder
bscan_orig6s__P1__seed42,external_BF-MOZ,speaker,BF-VITS-voice,2797,2797,2110,0.7543796925277083,0,0,,placeholder
bscan_orig6s__P1__seed42,external_BF-MOZ,gender,male,2797,2797,2110,0.7543796925277083,0,0,,placeholder
bscan_orig6s__P1__seed42,external_BF-MOZ,set,BF-MOZ-s1,1836,918,696,0.7581699346405228,918,99,0.10784313725490197,placeholder
bscan_orig6s__P1__seed42,external_BF-MOZ,set,BF-MOZ-s2,1146,573,446,0.7783595113438045,573,68,0.11867364746945899,placeholder
bscan_orig6s__P1__seed42,external_BF-MOZ,set,BF-MOZ-s3,1074,537,409,0.7616387337057728,537,46,0.0856610800744879,placeholder
bscan_orig6s__P1__seed42,external_BF-MOZ,set,BF-MOZ-s4,840,420,297,0.7071428571428572,420,53,0.1261904761904762,placeholder
bscan_orig6s__P1__seed42,external_BF-MOZ,set,BF-MOZ-s5,698,349,262,0.7507163323782235,349,33,0.09455587392550144,placeholder
bscan_orig6s__P1__seed42,external_BF-MOZ,duration_tertile,short,1869,666,509,0.7642642642642643,1203,127,0.1055694098088113,placeholder
bscan_orig6s__P1__seed42,external_BF-MOZ,duration_tertile,medium,1860,899,673,0.7486095661846496,961,100,0.1040582726326743,placeholder
bscan_orig6s__P1__seed42,external_BF-MOZ,duration_tertile,long,1865,1232,928,0.7532467532467533,633,72,0.11374407582938388,placeholder
bscan_orig6s__P1__seed42,external_BF-MOZ,snr_proxy_tertile,low,1865,749,562,0.7503337783711616,1116,112,0.1003584229390681,placeholder
bscan_orig6s__P1__seed42,external_BF-MOZ,snr_proxy_tertile,mid,1864,1544,1168,0.7564766839378239,320,42,0.13125,placeholder
bscan_orig6s__P1__seed42,external_BF-MOZ,snr_proxy_tertile,high,1865,504,380,0.753968253968254,1361,145,0.106539309331374,placeholder
bscan_orig6s__P1__seed42,external_BF-MOZ,trailing_silence,<0.05s,552,0,0,,552,59,0.1068840579710145,placeholder
bscan_orig6s__P1__seed42,external_BF-MOZ,trailing_silence,0.05-0.3s,413,0,0,,413,37,0.08958837772397095,placeholder
bscan_orig6s__P1__seed42,external_BF-MOZ,trailing_silence,>0.3s,4629,2797,2110,0.7543796925277083,1832,203,0.11080786026200873,placeholder
bscan_orig6s__P1__seed42,external_BF-MOZ,clipping,clipped,44,0,0,,44,4,0.09090909090909091,placeholder
bscan_orig6s__P1__seed42,external_BF-MOZ,clipping,unclipped,5550,2797,2110,0.7543796925277083,2753,295,0.10715583000363241,placeholder
bscan_orig6s__P1__seed42,external_BF-MOZ,confidence_quintile,q1 (least),1119,710,394,0.5549295774647888,409,155,0.37897310513447435,placeholder
bscan_orig6s__P1__seed42,external_BF-MOZ,confidence_quintile,q2,1119,644,457,0.7096273291925466,475,85,0.17894736842105263,placeholder
bscan_orig6s__P1__seed42,external_BF-MOZ,confidence_quintile,q3,1118,574,468,0.8153310104529616,544,36,0.0661764705882353,placeholder
bscan_orig6s__P1__seed42,external_BF-MOZ,confidence_quintile,q4,1119,508,449,0.8838582677165354,611,15,0.024549918166939442,placeholder
bscan_orig6s__P1__seed42,external_BF-MOZ,confidence_quintile,q5 (most),1119,361,342,0.9473684210526315,758,8,0.010554089709762533,placeholder
bscan_orig6s__P1__seed42,external_MEN,corpus,MEN,4500,2250,1536,0.6826666666666666,2250,246,0.10933333333333334,placeholder
bscan_orig6s__P1__seed42,external_MEN,speaker,MEN-S10F03,60,30,20,0.6666666666666666,30,6,0.2,placeholder
bscan_orig6s__P1__seed42,external_MEN,speaker,MEN-S10F04,60,30,25,0.8333333333333334,30,3,0.1,placeholder
bscan_orig6s__P1__seed42,external_MEN,speaker,MEN-S10F05,60,30,23,0.7666666666666667,30,5,0.16666666666666666,placeholder
bscan_orig6s__P1__seed42,external_MEN,speaker,MEN-S10M01,60,30,21,0.7,30,3,0.1,placeholder
bscan_orig6s__P1__seed42,external_MEN,speaker,MEN-S10M02,60,30,21,0.7,30,1,0.03333333333333333,placeholder
bscan_orig6s__P1__seed42,external_MEN,speaker,MEN-S11F02,60,30,19,0.6333333333333333,30,3,0.1,placeholder
bscan_orig6s__P1__seed42,external_MEN,speaker,MEN-S11F04,60,30,21,0.7,30,3,0.1,placeholder
bscan_orig6s__P1__seed42,external_MEN,speaker,MEN-S11M01,60,30,18,0.6,30,3,0.1,placeholder
bscan_orig6s__P1__seed42,external_MEN,speaker,MEN-S11M03,60,30,23,0.7666666666666667,30,1,0.03333333333333333,placeholder
bscan_orig6s__P1__seed42,external_MEN,speaker,MEN-S11M05,60,30,17,0.5666666666666667,30,3,0.1,placeholder
bscan_orig6s__P1__seed42,external_MEN,speaker,MEN-S12F01,60,30,24,0.8,30,3,0.1,placeholder
bscan_orig6s__P1__seed42,external_MEN,speaker,MEN-S12F02,60,30,19,0.6333333333333333,30,5,0.16666666666666666,placeholder
bscan_orig6s__P1__seed42,external_MEN,speaker,MEN-S12F04,60,30,22,0.7333333333333333,30,5,0.16666666666666666,placeholder
bscan_orig6s__P1__seed42,external_MEN,speaker,MEN-S12M03,60,30,24,0.8,30,4,0.13333333333333333,placeholder
bscan_orig6s__P1__seed42,external_MEN,speaker,MEN-S12M05,60,30,17,0.5666666666666667,30,3,0.1,placeholder
bscan_orig6s__P1__seed42,external_MEN,speaker,MEN-S13F02,60,30,17,0.5666666666666667,30,2,0.06666666666666667,placeholder
bscan_orig6s__P1__seed42,external_MEN,speaker,MEN-S13F03,60,30,24,0.8,30,7,0.23333333333333334,placeholder
bscan_orig6s__P1__seed42,external_MEN,speaker,MEN-S13F05,60,30,20,0.6666666666666666,30,3,0.1,placeholder
bscan_orig6s__P1__seed42,external_MEN,speaker,MEN-S13M01,60,30,19,0.6333333333333333,30,1,0.03333333333333333,placeholder
bscan_orig6s__P1__seed42,external_MEN,speaker,MEN-S13M04,60,30,22,0.7333333333333333,30,5,0.16666666666666666,placeholder
bscan_orig6s__P1__seed42,external_MEN,speaker,MEN-S14F02,60,30,16,0.5333333333333333,30,0,0.0,placeholder
bscan_orig6s__P1__seed42,external_MEN,speaker,MEN-S14M01,60,30,21,0.7,30,2,0.06666666666666667,placeholder
bscan_orig6s__P1__seed42,external_MEN,speaker,MEN-S14M03,60,30,16,0.5333333333333333,30,1,0.03333333333333333,placeholder
bscan_orig6s__P1__seed42,external_MEN,speaker,MEN-S14M04,60,30,22,0.7333333333333333,30,7,0.23333333333333334,placeholder
bscan_orig6s__P1__seed42,external_MEN,speaker,MEN-S14M05,60,30,19,0.6333333333333333,30,8,0.26666666666666666,placeholder
bscan_orig6s__P1__seed42,external_MEN,speaker,MEN-S15F01,60,30,20,0.6666666666666666,30,4,0.13333333333333333,placeholder
bscan_orig6s__P1__seed42,external_MEN,speaker,MEN-S15M02,60,30,20,0.6666666666666666,30,2,0.06666666666666667,placeholder
bscan_orig6s__P1__seed42,external_MEN,speaker,MEN-S15M03,60,30,18,0.6,30,4,0.13333333333333333,placeholder
bscan_orig6s__P1__seed42,external_MEN,speaker,MEN-S15M04,60,30,22,0.7333333333333333,30,4,0.13333333333333333,placeholder
bscan_orig6s__P1__seed42,external_MEN,speaker,MEN-S15M05,60,30,26,0.8666666666666667,30,3,0.1,placeholder
bscan_orig6s__P1__seed42,external_MEN,speaker,MEN-S1F03,60,30,20,0.6666666666666666,30,3,0.1,placeholder
bscan_orig6s__P1__seed42,external_MEN,speaker,MEN-S1F04,60,30,17,0.5666666666666667,30,2,0.06666666666666667,placeholder
bscan_orig6s__P1__seed42,external_MEN,speaker,MEN-S1F05,60,30,21,0.7,30,5,0.16666666666666666,placeholder
bscan_orig6s__P1__seed42,external_MEN,speaker,MEN-S1M01,60,30,22,0.7333333333333333,30,7,0.23333333333333334,placeholder
bscan_orig6s__P1__seed42,external_MEN,speaker,MEN-S1M02,60,30,25,0.8333333333333334,30,3,0.1,placeholder
bscan_orig6s__P1__seed42,external_MEN,speaker,MEN-S2F01,60,30,24,0.8,30,4,0.13333333333333333,placeholder
bscan_orig6s__P1__seed42,external_MEN,speaker,MEN-S2M02,60,30,21,0.7,30,3,0.1,placeholder
bscan_orig6s__P1__seed42,external_MEN,speaker,MEN-S2M03,60,30,19,0.6333333333333333,30,4,0.13333333333333333,placeholder
bscan_orig6s__P1__seed42,external_MEN,speaker,MEN-S2M04,60,30,19,0.6333333333333333,30,1,0.03333333333333333,placeholder
bscan_orig6s__P1__seed42,external_MEN,speaker,MEN-S2M05,60,30,18,0.6,30,3,0.1,placeholder
bscan_orig6s__P1__seed42,external_MEN,speaker,MEN-S3F01,60,30,19,0.6333333333333333,30,3,0.1,placeholder
bscan_orig6s__P1__seed42,external_MEN,speaker,MEN-S3F02,60,30,21,0.7,30,8,0.26666666666666666,placeholder
bscan_orig6s__P1__seed42,external_MEN,speaker,MEN-S3M03,60,30,24,0.8,30,0,0.0,placeholder
bscan_orig6s__P1__seed42,external_MEN,speaker,MEN-S3M04,60,30,20,0.6666666666666666,30,5,0.16666666666666666,placeholder
bscan_orig6s__P1__seed42,external_MEN,speaker,MEN-S3M05,60,30,19,0.6333333333333333,30,2,0.06666666666666667,placeholder
bscan_orig6s__P1__seed42,external_MEN,speaker,MEN-S4F02,60,30,20,0.6666666666666666,30,1,0.03333333333333333,placeholder
bscan_orig6s__P1__seed42,external_MEN,speaker,MEN-S4F03,60,30,14,0.4666666666666667,30,2,0.06666666666666667,placeholder
bscan_orig6s__P1__seed42,external_MEN,speaker,MEN-S4F04,60,30,19,0.6333333333333333,30,0,0.0,placeholder
bscan_orig6s__P1__seed42,external_MEN,speaker,MEN-S4F05,60,30,23,0.7666666666666667,30,1,0.03333333333333333,placeholder
bscan_orig6s__P1__seed42,external_MEN,speaker,MEN-S4M01,60,30,20,0.6666666666666666,30,4,0.13333333333333333,placeholder
bscan_orig6s__P1__seed42,external_MEN,speaker,MEN-S5F01,60,30,21,0.7,30,5,0.16666666666666666,placeholder
bscan_orig6s__P1__seed42,external_MEN,speaker,MEN-S5F03,60,30,18,0.6,30,4,0.13333333333333333,placeholder
bscan_orig6s__P1__seed42,external_MEN,speaker,MEN-S5F05,60,30,21,0.7,30,2,0.06666666666666667,placeholder
bscan_orig6s__P1__seed42,external_MEN,speaker,MEN-S5M02,60,30,19,0.6333333333333333,30,3,0.1,placeholder
bscan_orig6s__P1__seed42,external_MEN,speaker,MEN-S5M04,60,30,18,0.6,30,5,0.16666666666666666,placeholder
bscan_orig6s__P1__seed42,external_MEN,speaker,MEN-S6F03,60,30,24,0.8,30,4,0.13333333333333333,placeholder
bscan_orig6s__P1__seed42,external_MEN,speaker,MEN-S6F04,60,30,24,0.8,30,5,0.16666666666666666,placeholder
bscan_orig6s__P1__seed42,external_MEN,speaker,MEN-S6M01,60,30,18,0.6,30,2,0.06666666666666667,placeholder
bscan_orig6s__P1__seed42,external_MEN,speaker,MEN-S6M02,60,30,23,0.7666666666666667,30,4,0.13333333333333333,placeholder
bscan_orig6s__P1__seed42,external_MEN,speaker,MEN-S6M05,60,30,19,0.6333333333333333,30,3,0.1,placeholder
bscan_orig6s__P1__seed42,external_MEN,speaker,MEN-S7F04,60,30,17,0.5666666666666667,30,2,0.06666666666666667,placeholder
bscan_orig6s__P1__seed42,external_MEN,speaker,MEN-S7F05,60,30,23,0.7666666666666667,30,1,0.03333333333333333,placeholder
bscan_orig6s__P1__seed42,external_MEN,speaker,MEN-S7M01,60,30,26,0.8666666666666667,30,1,0.03333333333333333,placeholder
bscan_orig6s__P1__seed42,external_MEN,speaker,MEN-S7M02,60,30,22,0.7333333333333333,30,2,0.06666666666666667,placeholder
bscan_orig6s__P1__seed42,external_MEN,speaker,MEN-S7M03,60,30,17,0.5666666666666667,30,5,0.16666666666666666,placeholder
bscan_orig6s__P1__seed42,external_MEN,speaker,MEN-S8F01,60,30,17,0.5666666666666667,30,4,0.13333333333333333,placeholder
bscan_orig6s__P1__seed42,external_MEN,speaker,MEN-S8F02,60,30,21,0.7,30,3,0.1,placeholder
bscan_orig6s__P1__seed42,external_MEN,speaker,MEN-S8F03,60,30,24,0.8,30,6,0.2,placeholder
bscan_orig6s__P1__seed42,external_MEN,speaker,MEN-S8F04,60,30,20,0.6666666666666666,30,1,0.03333333333333333,placeholder
bscan_orig6s__P1__seed42,external_MEN,speaker,MEN-S8F05,60,30,20,0.6666666666666666,30,6,0.2,placeholder
bscan_orig6s__P1__seed42,external_MEN,speaker,MEN-S9F01,60,30,20,0.6666666666666666,30,3,0.1,placeholder
bscan_orig6s__P1__seed42,external_MEN,speaker,MEN-S9F03,60,30,16,0.5333333333333333,30,2,0.06666666666666667,placeholder
bscan_orig6s__P1__seed42,external_MEN,speaker,MEN-S9M02,60,30,21,0.7,30,5,0.16666666666666666,placeholder
bscan_orig6s__P1__seed42,external_MEN,speaker,MEN-S9M04,60,30,23,0.7666666666666667,30,1,0.03333333333333333,placeholder
bscan_orig6s__P1__seed42,external_MEN,speaker,MEN-S9M05,60,30,23,0.7666666666666667,30,2,0.06666666666666667,placeholder
bscan_orig6s__P1__seed42,external_MEN,gender,female,2220,1110,754,0.6792792792792792,1110,126,0.11351351351351352,placeholder
bscan_orig6s__P1__seed42,external_MEN,gender,male,2280,1140,782,0.6859649122807018,1140,120,0.10526315789473684,placeholder
bscan_orig6s__P1__seed42,external_MEN,set,S1,300,150,105,0.7,150,20,0.13333333333333333,placeholder
bscan_orig6s__P1__seed42,external_MEN,set,S10,300,150,110,0.7333333333333333,150,18,0.12,placeholder
bscan_orig6s__P1__seed42,external_MEN,set,S11,300,150,98,0.6533333333333333,150,13,0.08666666666666667,placeholder
bscan_orig6s__P1__seed42,external_MEN,set,S12,300,150,106,0.7066666666666667,150,20,0.13333333333333333,placeholder
bscan_orig6s__P1__seed42,external_MEN,set,S13,300,150,102,0.68,150,18,0.12,placeholder
bscan_orig6s__P1__seed42,external_MEN,set,S14,300,150,94,0.6266666666666667,150,18,0.12,placeholder
bscan_orig6s__P1__seed42,external_MEN,set,S15,300,150,106,0.7066666666666667,150,17,0.11333333333333333,placeholder
bscan_orig6s__P1__seed42,external_MEN,set,S2,300,150,101,0.6733333333333333,150,15,0.1,placeholder
bscan_orig6s__P1__seed42,external_MEN,set,S3,300,150,103,0.6866666666666666,150,18,0.12,placeholder
bscan_orig6s__P1__seed42,external_MEN,set,S4,300,150,96,0.64,150,8,0.05333333333333334,placeholder
bscan_orig6s__P1__seed42,external_MEN,set,S5,300,150,97,0.6466666666666666,150,19,0.12666666666666668,placeholder
bscan_orig6s__P1__seed42,external_MEN,set,S6,300,150,108,0.72,150,18,0.12,placeholder
bscan_orig6s__P1__seed42,external_MEN,set,S7,300,150,105,0.7,150,11,0.07333333333333333,placeholder
bscan_orig6s__P1__seed42,external_MEN,set,S8,300,150,102,0.68,150,20,0.13333333333333333,placeholder
bscan_orig6s__P1__seed42,external_MEN,set,S9,300,150,103,0.6866666666666666,150,13,0.08666666666666667,placeholder
bscan_orig6s__P1__seed42,external_MEN,duration_tertile,short,1558,639,433,0.6776212832550861,919,95,0.10337323177366703,placeholder
bscan_orig6s__P1__seed42,external_MEN,duration_tertile,medium,1481,757,527,0.6961690885072656,724,91,0.12569060773480664,placeholder
bscan_orig6s__P1__seed42,external_MEN,duration_tertile,long,1461,854,576,0.6744730679156908,607,60,0.09884678747940692,placeholder
bscan_orig6s__P1__seed42,external_MEN,snr_proxy_tertile,low,1500,5,5,1.0,1495,166,0.11103678929765887,placeholder
bscan_orig6s__P1__seed42,external_MEN,snr_proxy_tertile,mid,1500,1032,712,0.689922480620155,468,48,0.10256410256410256,placeholder
bscan_orig6s__P1__seed42,external_MEN,snr_proxy_tertile,high,1500,1213,819,0.6751854905193735,287,32,0.11149825783972125,placeholder
bscan_orig6s__P1__seed42,external_MEN,trailing_silence,<0.05s,3842,1813,1239,0.6833976833976834,2029,219,0.10793494332183341,placeholder
bscan_orig6s__P1__seed42,external_MEN,trailing_silence,0.05-0.3s,495,414,281,0.678743961352657,81,12,0.14814814814814814,placeholder
bscan_orig6s__P1__seed42,external_MEN,trailing_silence,>0.3s,163,23,16,0.6956521739130435,140,15,0.10714285714285714,placeholder
bscan_orig6s__P1__seed42,external_MEN,clipping,clipped,1937,1925,1314,0.6825974025974026,12,1,0.08333333333333333,placeholder
bscan_orig6s__P1__seed42,external_MEN,clipping,unclipped,2563,325,222,0.683076923076923,2238,245,0.10947274352100089,placeholder
bscan_orig6s__P1__seed42,external_MEN,confidence_quintile,q1 (least),900,558,304,0.5448028673835126,342,137,0.40058479532163743,placeholder
bscan_orig6s__P1__seed42,external_MEN,confidence_quintile,q2,900,564,356,0.6312056737588653,336,59,0.17559523809523808,placeholder
bscan_orig6s__P1__seed42,external_MEN,confidence_quintile,q3,900,480,336,0.7,420,36,0.08571428571428572,placeholder
bscan_orig6s__P1__seed42,external_MEN,confidence_quintile,q4,900,407,327,0.8034398034398035,493,9,0.018255578093306288,placeholder
bscan_orig6s__P1__seed42,external_MEN,confidence_quintile,q5 (most),900,241,213,0.8838174273858921,659,5,0.007587253414264037,placeholder
