run,split,descriptor,n_fn,n_tp,fn_median,tp_median,mann_whitney_p,status
bscan_controlled__P1__seed42,internal_test,duration_sec,311,1188,6.43265,6.17723,0.2267567040593078,placeholder
bscan_controlled__P1__seed42,internal_test,snr_proxy_db,311,1188,60.8799,60.9654,0.9742921591891146,placeholder
bscan_controlled__P1__seed42,internal_test,trailing_silence_sec,311,1188,0.441077,0.439331,0.09821183889402858,placeholder
bscan_controlled__P1__seed42,internal_test,leading_silence_sec,311,1188,0.01,0.01,0.3626389077171913,placeholder
bscan_controlled__P1__seed42,internal_test,activity_ratio,311,1188,0.681086,0.676138,0.19007418080952532,placeholder
bscan_controlled__P1__seed42,internal_test,clip_ratio,311,1188,0.0,0.0,,placeholder
bscan_controlled__P1__seed42,internal_test,dc_offset,311,1188,-0.000415661,-0.00040787150000000003,0.028395349366861212,placeholder
bscan_controlled__P1__seed42,internal_test,lufs,311,1188,-20.1245,-20.078249999999997,0.14022717283941594,placeholder
bscan_controlled__P1__seed42,internal_test,band_edge_hz,311,1188,11025.0,11025.0,,placeholder
bscan_controlled__P1__seed42,external_BF-MOZ,duration_sec,162,2635,6.450065,6.27011,0.7196010822513066,placeholder
bscan_controlled__P1__seed42,external_BF-MOZ,snr_proxy_db,162,2635,61.4201,61.4729,0.9609873293479944,placeholder
bscan_controlled__P1__seed42,external_BF-MOZ,trailing_silence_sec,162,2635,0.4422335,0.440873,0.4581546704896856,placeholder
bscan_controlled__P1__seed42,external_BF-MOZ,leading_silence_sec,162,2635,0.01,0.01,0.5994051669261922,placeholder
bscan_controlled__P1__seed42,external_BF-MOZ,activity_ratio,162,2635,0.673817,0.667238,0.4170488150540558,placeholder
bscan_controlled__P1__seed42,external_BF-MOZ,clip_ratio,162,2635,0.0,0.0,,placeholder
bscan_controlled__P1__seed42,external_BF-MOZ,dc_offset,162,2635,-0.000393468,-0.000403599,0.302227820906825,placeholder
bscan_controlled__P1__seed42,external_BF-MOZ,lufs,162,2635,-20.0995,-20.0876,0.5054362312487196,placeholder
bscan_controlled__P1__seed42,external_BF-MOZ,band_edge_hz,162,2635,11025.0,11025.0,,placeholder
bscan_controlled__P1__seed42,external_MEN,duration_sec,133,2117,3.3,3.42,0.2700209966771283,placeholder
bscan_controlled__P1__seed42,external_MEN,snr_proxy_db,133,2117,36.8234,36.9533,0.6057598069951787,placeholder
bscan_controlled__P1__seed42,external_MEN,trailing_silence_sec,133,2117,0.005,0.005,0.5902662398384639,placeholder
bscan_controlled__P1__seed42,external_MEN,leading_silence_sec,133,2117,0.0,0.0,0.743895397645439,placeholder
bscan_controlled__P1__seed42,external_MEN,activity_ratio,133,2117,0.891892,0.895105,0.9127827708521434,placeholder
bscan_controlled__P1__seed42,external_MEN,clip_ratio,133,2117,1.20424e-05,1.17041e-05,0.3986843292004698,placeholder
bscan_controlled__P1__seed42,external_MEN,dc_offset,133,2117,-0.00267648,-0.0026042,0.4466197779424126,placeholder
bscan_controlled__P1__seed42,external_MEN,lufs,133,2117,-16.5932,-16.6084,0.8061933521592746,placeholder
bscan_controlled__P1__seed42,external_MEN,band_edge_hz,133,2117,12000.0,12000.0,,placeholder
lfcc_only__P1__seed42,internal_test,duration_sec,254,1245,6.3281600000000005,6.21206,0.830293533691712,placeholder
lfcc_only__P1__seed42,internal_test,snr_proxy_db,254,1245,61.3104,60.8475,0.495728172471835,placeholder
lfcc_only__P1__seed42,internal_test,trailing_silence_sec,254,1245,0.4404305,0.439649,0.8617992459202959,placeholder
lfcc_only__P1__seed42,internal_test,leading_silence_sec,254,1245,0.01,0.01,0.6872678701347289,placeholder
lfcc_only__P1__seed42,internal_test,activity_ratio,254,1245,0.6764605,0.677578,0.9025887800008265,placeholder
lfcc_only__P1__seed42,internal_test,clip_ratio,254,1245,0.0,0.0,,placeholder
lfcc_only__P1__seed42,internal_test,dc_offset,254,1245,-0.0004078455,-0.00041152,0.5038638169049703,placeholder
lfcc_only__P1__seed42,internal_test,lufs,254,1245,-20.087,-20.0854,0.8671148219759811,placeholder
lfcc_only__P1__seed42,internal_test,band_edge_hz,254,1245,11025.0,11025.0,,placeholder
lfcc_only__P1__seed42,external_BF-MOZ,duration_sec,2187,610,6.2585,6.30494,0.9034243736220146,placeholder
lfcc_only__P1__seed42,external_BF-MOZ,snr_proxy_db,2187,610,61.4548,61.512,0.7745375354008929,placeholder
lfcc_only__P1__seed42,external_BF-MOZ,trailing_silence_sec,2187,610,0.440873,0.44130400000000003,0.8544445137567064,placeholder
lfcc_only__P1__seed42,external_BF-MOZ,leading_silence_sec,2187,610,0.01,0.01,0.12693282042495385,placeholder
lfcc_only__P1__seed42,external_BF-MOZ,activity_ratio,2187,610,0.668508,0.6633145,0.28590998710953663,placeholder
lfcc_only__P1__seed42,external_BF-MOZ,clip_ratio,2187,610,0.0,0.0,,placeholder
lfcc_only__P1__seed42,external_BF-MOZ,dc_offset,2187,610,-0.000403838,-0.00040127550000000004,0.41551328707576785,placeholder
lfcc_only__P1__seed42,external_BF-MOZ,lufs,2187,610,-20.0866,-20.0962,0.3105645675162937,placeholder
lfcc_only__P1__seed42,external_BF-MOZ,band_edge_hz,2187,610,11025.0,11025.0,,placeholder
lfcc_only__P1__seed42,external_MEN,duration_sec,926,1324,3.4,3.4,0.660827844421584,placeholder
lfcc_only__P1__seed42,external_MEN,snr_proxy_db,926,1324,37.055350000000004,36.87305,0.4909596297165152,placeholder
lfcc_only__P1__seed42,external_MEN,trailing_silence_sec,926,1324,0.005,0.005,0.5435845815333508,placeholder
lfcc_only__P1__seed42,external_MEN,leading_silence_sec,926,1324,0.0,0.0,0.2867582512488305,placeholder
lfcc_only__P1__seed42,external_MEN,activity_ratio,926,1324,0.8955390000000001,0.89486,0.4189552013081782,placeholder
lfcc_only__P1__seed42,external_MEN,clip_ratio,926,1324,1.16387e-05,1.17702e-05,0.5878279859275076,placeholder
lfcc_only__P1__seed42,external_MEN,dc_offset,926,1324,-0.002554095,-0.00265497,0.3247267354925737,placeholder
lfcc_only__P1__seed42,external_MEN,lufs,926,1324,-16.62025,-16.6036,0.522695472849473,placeholder
lfcc_only__P1__seed42,external_MEN,band_edge_hz,926,1324,12000.0,12000.0,,placeholder
lcnn_lfcc__P1__seed42,internal_test,duration_sec,681,818,6.29333,6.18884,0.2688356331948958,placeholder
lcnn_lfcc__P1__seed42,internal_test,snr_proxy_db,681,818,60.7518,61.03675,0.18996963650254628,placeholder
lcnn_lfcc__P1__seed42,internal_test,trailing_silence_sec,681,818,0.439785,0.43966,0.7211831561497241,placeholder
lcnn_lfcc__P1__seed42,internal_test,leading_silence_sec,681,818,0.01,0.01,0.0430154776410346,placeholder
lcnn_lfcc__P1__seed42,internal_test,activity_ratio,681,818,0.677578,0.677003,0.9291932289126204,placeholder
lcnn_lfcc__P1__seed42,internal_test,clip_ratio,681,818,0.0,0.0,,placeholder
lcnn_lfcc__P1__seed42,internal_test,dc_offset,681,818,-0.000402791,-0.0004185775,0.006183656987957211,placeholder
lcnn_lfcc__P1__seed42,internal_test,lufs,681,818,-20.1164,-20.067349999999998,0.1002383951822398,placeholder
lcnn_lfcc__P1__seed42,internal_test,band_edge_hz,681,818,11025.0,11025.0,,placeholder
lcnn_lfcc__P1__seed42,external_BF-MOZ,duration_sec,917,1880,6.43265,6.22367,0.0959907506957882,placeholder
lcnn_lfcc__P1__seed42,external_BF-MOZ,snr_proxy_db,917,1880,61.4128,61.5152,0.4052520261527982,placeholder
lcnn_lfcc__P1__seed42,external_BF-MOZ,trailing_silence_sec,917,1880,0.44085,0.440964,0.5222366970442507,placeholder
lcnn_lfcc__P1__seed42,external_BF-MOZ,leading_silence_sec,917,1880,0.01,0.01,0.7665632831455962,placeholder
lcnn_lfcc__P1__seed42,external_BF-MOZ,activity_ratio,917,1880,0.668919,0.6662030000000001,0.8692626202966808,placeholder
lcnn_lfcc__P1__seed42,external_BF-MOZ,clip_ratio,917,1880,0.0,0.0,,placeholder
lcnn_lfcc__P1__seed42,external_BF-MOZ,dc_offset,917,1880,-0.000402989,-0.0004034525,0.5659588523199824,placeholder
lcnn_lfcc__P1__seed42,external_BF-MOZ,lufs,917,1880,-20.0831,-20.0916,0.502204826625202,placeholder
lcnn_lfcc__P1__seed42,external_BF-MOZ,band_edge_hz,917,1880,11025.0,11025.0,,placeholder
lcnn_lfcc__P1__seed42,external_MEN,duration_sec,900,1350,3.42,3.4,0.8678898071259422,placeholder
lcnn_lfcc__P1__seed42,external_MEN,snr_proxy_db,900,1350,36.831,37.0405,0.1362808599614109,placeholder
lcnn_lfcc__P1__seed42,external_MEN,trailing_silence_sec,900,1350,0.005,0.005,0.7018771930315739,placeholder
lcnn_lfcc__P1__seed42,external_MEN,leading_silence_sec,900,1350,0.0,0.0,0.35357429857563794,placeholder
lcnn_lfcc__P1__seed42,external_MEN,activity_ratio,900,1350,0.896104,0.8939474999999999,0.33872252899358235,placeholder
lcnn_lfcc__P1__seed42,external_MEN,clip_ratio,900,1350,1.17041e-05,1.17041e-05,0.6626663035023943,placeholder
lcnn_lfcc__P1__seed42,external_MEN,dc_offset,900,1350,-0.0026652200000000003,-0.0025753800000000004,0.9854931467651663,placeholder
lcnn_lfcc__P1__seed42,external_MEN,lufs,900,1350,-16.57985,-16.62755,0.5854238537473274,placeholder
lcnn_lfcc__P1__seed42,external_MEN,band_edge_hz,900,1350,12000.0,12000.0,,placeholder
bscan_orig6s__P1__seed42,internal_test,duration_sec,211,1288,6.23528,6.24689,0.9874746467089381,placeholder
bscan_orig6s__P1__seed42,internal_test,snr_proxy_db,211,1288,60.644,60.9559,0.5868765833702594,placeholder
bscan_orig6s__P1__seed42,internal_test,trailing_silence_sec,211,1288,0.43924,0.439728,0.856293701872135,placeholder
bscan_orig6s__P1__seed42,internal_test,leading_silence_sec,211,1288,0.01,0.01,0.7695933595380868,placeholder
bscan_orig6s__P1__seed42,internal_test,activity_ratio,211,1288,0.682081,0.6769295,0.35392532354392414,placeholder
bscan_orig6s__P1__seed42,internal_test,clip_ratio,211,1288,0.0,0.0,,placeholder
bscan_orig6s__P1__seed42,internal_test,dc_offset,211,1288,-0.00040639,-0.000411342,0.8927940212219647,placeholder
bscan_orig6s__P1__seed42,internal_test,lufs,211,1288,-20.0949,-20.0852,0.8262402554989619,placeholder
bscan_orig6s__P1__seed42,internal_test,band_edge_hz,211,1288,11025.0,11025.0,,placeholder
bscan_orig6s__P1__seed42,external_BF-MOZ,duration_sec,2110,687,6.27011,6.33977,0.39659131597812847,placeholder
bscan_orig6s__P1__seed42,external_BF-MOZ,snr_proxy_db,2110,687,61.47185,61.421,0.6038205785197144,placeholder
bscan_orig6s__P1__seed42,external_BF-MOZ,trailing_silence_sec,2110,687,0.4411565,0.440578,0.9536967696038404,placeholder
bscan_orig6s__P1__seed42,external_BF-MOZ,leading_silence_sec,2110,687,0.01,0.01,0.5868785233432987,placeholder
bscan_orig6s__P1__seed42,external_BF-MOZ,activity_ratio,2110,687,0.667227,0.669596,0.8974913291116904,placeholder
bscan_orig6s__P1__seed42,external_BF-MOZ,clip_ratio,2110,687,0.0,0.0,,placeholder
bscan_orig6s__P1__seed42,external_BF-MOZ,dc_offset,2110,687,-0.0004031835,-0.000403801,0.6094272814536982,placeholder
bscan_orig6s__P1__seed42,external_BF-MOZ,lufs,2110,687,-20.0916,-20.0732,0.26789875567301746,placeholder
bscan_orig6s__P1__seed42,external_BF-MOZ,band_edge_hz,2110,687,11025.0,11025.0,,placeholder
bscan_orig6s__P1__seed42,external_MEN,duration_sec,1536,714,3.4,3.42,0.8678970003164241,placeholder
bscan_orig6s__P1__seed42,external_MEN,snr_proxy_db,1536,714,36.92075,37.0362,0.885137160388962,placeholder
bscan_orig6s__P1__seed42,external_MEN,trailing_silence_sec,1536,714,0.005,0.005,0.3448976113402866,placeholder
bscan_orig6s__P1__seed42,external_MEN,leading_silence_sec,1536,714,0.0,0.0,0.17881418055740794,placeholder
bscan_orig6s__P1__seed42,external_MEN,activity_ratio,1536,714,0.8958539999999999,0.893736,0.4574559190465418,placeholder
bscan_orig6s__P1__seed42,external_MEN,clip_ratio,1536,714,1.18371e-05,1.16387e-05,0.5949980485731328,placeholder
bscan_orig6s__P1__seed42,external_MEN,dc_offset,1536,714,-0.002616055,-0.002597505,0.6757635859531876,placeholder
bscan_orig6s__P1__seed42,external_MEN,lufs,1536,714,-16.5766,-16.638199999999998,0.2265760809260392,placeholder
bscan_orig6s__P1__seed42,external_MEN,band_edge_hz,1536,714,12000.0,12000.0,,placeholder
