model,train_corpus,status,test_BF-SUST,test_BF-MOZ,test_MEN
bscan_controlled,BF-SUST,placeholder,0.30420280186791193,0.20247884638302946,0.22266666666666668
bscan_controlled,MEN,placeholder,0.3136313631363136,0.1636276963413181,0.22074074074074077
mel_only,BF-SUST,placeholder,0.26217478318879256,0.23394112739840303,0.40859259259259256
mel_only,MEN,placeholder,0.2016201620162016,0.3550232391848409,0.40888888888888886
lfcc_only,BF-SUST,placeholder,0.16099621970202357,0.3485877726135144,0.29318518518518516
lfcc_only,MEN,placeholder,0.14971497149714974,0.2659992849481587,0.35777777777777775
lcnn_lfcc,BF-SUST,placeholder,0.37825216811207474,0.24705041115480875,0.284
lcnn_lfcc,MEN,placeholder,0.3421342134213421,0.30246692885234183,0.1688888888888889
lfcc_gmm_controlled,BF-SUST,real,0.00333555703802535,0.00750804433321417,0.6817777777777778
lfcc_gmm_controlled,MEN,real,0.1894189418941894,0.032892384697890596,0.0
stats_hgb_controlled,BF-SUST,real,0.15276851234156108,0.10010725777618878,0.5457777777777778
stats_hgb_controlled,MEN,real,0.4254425442544254,0.17661780479084735,0.05555555555555558
