model,protocol,split,corpus,n_seeds_expected,status,auc_n,auc_mean,auc_sd,eer_n,eer_mean,eer_sd,accuracy_n,accuracy_mean,accuracy_sd,f1_macro_n,f1_macro_mean,f1_macro_sd,recall_spoof_sensitivity_n,recall_spoof_sensitivity_mean,recall_spoof_sensitivity_sd,specificity_bonafide_recall_n,specificity_bonafide_recall_mean,specificity_bonafide_recall_sd,ece_n,ece_mean,ece_sd,brier_n,brier_mean,brier_sd,auc_seed42_ci_low,auc_seed42_ci_high,eer_seed42_ci_low,eer_seed42_ci_high,accuracy_seed42_ci_low,accuracy_seed42_ci_high,f1_macro_seed42_ci_low,f1_macro_seed42_ci_high
bscan_controlled,P1,internal_test,BF-SUST,3,placeholder,3,0.7624398030975509,0.110942128496653,3,0.30420280186791193,0.09070507520921355,3,0.6787858572381588,0.09344502170741566,3,0.6656420001842734,0.10896102768449621,3,0.5512563931509895,0.23918742813491678,3,0.8063153213253281,0.0940989746781375,3,0.11654412411001443,0.01733104952630556,3,0.20947064501821575,0.03338291726351268,0.8143661307760838,0.8465710869523504,0.232661623246493,0.26735772303595207,0.7319753655497884,0.7635883451323419,0.731629270704766,0.7631423689225297
bscan_controlled,P1,external_BF-MOZ,BF-MOZ,3,placeholder,3,0.864218975444305,0.13537776226285264,3,0.20247884638302946,0.12393848027203969,3,0.7693361935406985,0.139736198180708,3,0.7579801698487095,0.15637962099625088,3,0.7349541175068527,0.34064928878267214,3,0.8037182695745443,0.10574248424147482,3,0.16118740066816217,0.06639399402028331,3,0.18255674484132145,0.03713949408071879,0.9207170740293402,0.9358303958132781,0.1415266356810869,0.16161065427243473,0.8024490525563104,0.8242983553807651,0.7990208282794921,0.8217204111545175
bscan_controlled,P1,external_MEN,MEN,3,placeholder,3,0.8460279176954734,0.12624611913238373,3,0.22266666666666668,0.11239085240224715,3,0.7545925925925926,0.12151600683735238,3,0.7462749018627225,0.13298679689693846,3,0.7078518518518518,0.288384631132193,3,0.8013333333333333,0.10521606223902517,3,0.1480188287934063,0.061831164261529285,3,0.18794363767788513,0.033417742012625866,0.911442661728395,0.9267799506172839,0.14755555555555555,0.1680111111111111,0.7997722222222222,0.8202333333333333,0.7958134920284391,0.8171842754634022
bscan_controlled,P2,internal_test,MEN,3,placeholder,3,0.8326534979423869,0.19577600502013795,3,0.22074074074074077,0.17087044161858436,3,0.7737037037037037,0.16105107438223062,3,0.7728797288492965,0.16168414647853732,3,0.7874074074074073,0.2271273459443406,3,0.7600000000000001,0.10112942447095785,3,0.17489375731599202,0.056711984691670714,3,0.19683904633132246,0.051681767972343806,0.9401925925925925,0.9687414814814815,0.09105555555555558,0.1333333333333333,0.8299166666666666,0.8911111111111111,0.8286017448467583,0.8906577726248053
bscan_controlled,P2,external_BF-SUST,BF-SUST,3,placeholder,3,0.7506978020534327,0.10290528404178818,3,0.3136313631363136,0.08124777027108374,3,0.6798846551321799,0.07876208773636964,3,0.6771542642878119,0.07827001714861131,3,0.5917258392505916,0.06515667555479858,3,0.768043471013768,0.10795385136065186,3,0.10568060658338067,0.03236345501291258,3,0.21305199046684228,0.02907880803590575,0.7403556536040478,0.7542656464692998,0.31378693349082404,0.3276100399880036,0.66324875,0.6759713386405508,0.657876351593058,0.6709784980518787
bscan_controlled,P2,external_BF-MOZ,BF-MOZ,3,placeholder,3,0.9158233746109387,0.03276591240803299,3,0.1636276963413181,0.03456248275240701,3,0.81515909903468,0.03227698785758306,3,0.813235464011541,0.03314771685003002,3,0.8603265403408414,0.12131952585192451,3,0.7699916577285185,0.10299746150026451,3,0.17948952945871768,0.01847666220833342,3,0.16748484514840756,0.009880547654692817,0.9290388701107181,0.9398473088217381,0.13335716839470857,0.15127815516624957,0.8425008938148015,0.8611056489095459,0.842087035993787,0.8608472131265154
bscan_orig6s,P1,internal_test,BF-SUST,1,placeholder,1,0.9526475511136844,,1,0.12074716477651767,,1,0.875917278185457,,1,0.8758827551576406,,1,0.8592394929953302,,1,0.8925950633755837,,1,0.20909367863100584,,1,0.15821095709040287,,0.946060178591482,0.9588282828373078,0.10761493624983505,0.13018807153144377,0.865576421070011,0.8877774240068923,0.8655071213266582,0.8877722677601095
bscan_orig6s,P1,external_BF-MOZ,BF-MOZ,1,placeholder,1,0.6487010637195044,,1,0.39542366821594566,,1,0.5693600286020737,,1,0.5189415386328868,,1,0.24562030747229174,,1,0.8930997497318556,,1,0.08460600034497545,,1,0.24267740837894983,,0.6356734014136655,0.6632124458134763,0.383973900607794,0.4086878798712907,0.5604174115123346,0.5795584554880229,0.5066309133837857,0.5318551017086262
bscan_orig6s,P1,external_MEN,MEN,1,placeholder,1,0.7016112592592592,,1,0.356,,1,0.604,,1,0.5685438961793619,,1,0.31733333333333336,,1,0.8906666666666667,,1,0.07905237538259184,,1,0.22641169987485635,,0.6843775604938271,0.7152937037037037,0.3422111111111111,0.37022222222222223,0.5913166666666667,0.6178,0.5535988911438233,0.5852966937621457
dual_no_se,P1,internal_test,BF-SUST,3,placeholder,3,0.8547137569883888,0.0888535718287821,3,0.2205915054480765,0.08488932590953892,3,0.7578385590393596,0.08667058416450721,3,0.752022156453943,0.09352933288978471,3,0.7476095174560818,0.25279238860249437,3,0.7680676006226372,0.09150943336567768,3,0.1429671575054782,0.046980787147721796,3,0.18285480864000436,0.023657687134496147,0.9142931894926509,0.9327185287297485,0.14225352442853625,0.16824920458012416,0.7931940247528999,0.818458622155768,0.7889399461919535,0.8154926046556578
dual_no_se,P1,external_BF-MOZ,BF-MOZ,3,placeholder,3,0.840743740835762,0.12392130914042371,3,0.23072339411273987,0.11083322761313637,3,0.7366225718031224,0.10956001545381867,3,0.7268954040931858,0.12234250507008755,3,0.7059945179358836,0.3084958421618016,3,0.7672506256703611,0.09432249353012505,3,0.14431040393997793,0.06835564718219084,3,0.1883694387860588,0.032739989472457355,0.946716158931712,0.9559727664184862,0.11654451197711835,0.13299964247407936,0.8097872720772256,0.82732391848409,0.804763836727834,0.8240157406011768
dual_no_se,P1,external_MEN,MEN,3,placeholder,3,0.8195530534979424,0.06006897491603875,3,0.26133333333333336,0.052832836777664226,3,0.7366666666666667,0.050435633102200214,3,0.736197055938501,0.05000739251470068,3,0.7136296296296297,0.038274727072969264,3,0.7597037037037037,0.08987160480259736,3,0.12582044859627825,0.028736712198951738,3,0.19283033861124432,0.016187798543737406,0.7351139802469137,0.7672852049382716,0.3026222222222222,0.33512222222222227,0.662,0.6956055555555556,0.6619471529398249,0.6955625425195783
dual_no_tattn,P1,internal_test,BF-SUST,3,placeholder,3,0.892275526357131,0.02643069668286304,3,0.1867911941294196,0.0285458210744959,3,0.7643984878808094,0.006707151937672064,3,0.757778305894211,0.011369390672099336,3,0.8679119412941961,0.14858624362453465,3,0.6608850344674226,0.16165078978515518,3,0.16515537199782634,0.01579989936362668,3,0.17468106871741643,0.006232141152999964,0.8934471769260449,0.9134396036827954,0.16143826995774957,0.18723144988064436,0.75,0.7757381759408233,0.740617066688257,0.768175248287367
dual_no_tattn,P1,external_BF-MOZ,BF-MOZ,3,placeholder,3,0.6615436197601267,0.044035030438136356,3,0.38159933261828155,0.03207853049676237,3,0.607615302109403,0.029264757854388427,3,0.5985222257653723,0.034278778918437273,3,0.5462996067214873,0.17921679966122597,3,0.6689309974973185,0.15268115033821528,3,0.08702176615628628,0.008821580171975587,3,0.2389287377261222,0.01302001992771943,0.6841814465138284,0.7117450875976853,0.34393099749731854,0.368251698248123,0.6294020378977476,0.6528468001430103,0.6273580210642894,0.6510279073557292
dual_no_tattn,P1,external_MEN,MEN,3,placeholder,3,0.7653236543209876,0.06451007563333941,3,0.3060740740740741,0.061536432381866825,3,0.6825925925925925,0.04298281788976678,3,0.675486301236545,0.04310800823539427,3,0.7045925925925927,0.21185475263489315,3,0.6605925925925925,0.15385119206691744,3,0.10423835514650077,0.02736021173754127,3,0.20860006354403837,0.017169068581164282,0.7041564987654322,0.7341239456790124,0.33642222222222223,0.3626777777777778,0.6411,0.6735666666666666,0.6382586200872021,0.6712033612264886
dual_plain,P1,internal_test,BF-SUST,3,placeholder,3,0.8603317636856117,0.030647668356612832,3,0.2230375806092951,0.027476028945658856,3,0.771180787191461,0.03103860837540838,3,0.7701345551002947,0.03183600726993701,3,0.8283299977762953,0.03306971126532587,3,0.7140315766066266,0.06290805157713235,3,0.1453879588021769,0.021327659581578805,3,0.18312844312776236,0.005791305169305293,0.8704601897388775,0.8933225481062133,0.18598333333333333,0.2133977272727273,0.776314960106383,0.8060005016722408,0.7749329245085094,0.8051159275572433
dual_plain,P1,external_BF-MOZ,BF-MOZ,3,placeholder,3,0.8904891415615596,0.10766337886195572,3,0.17912048623525204,0.10472763608343899,3,0.7895364080562507,0.08231356573991727,3,0.7871697670279141,0.08155239573263644,3,0.8618758193302348,0.17292185080637335,3,0.7171969967822668,0.07149445754367623,3,0.17146324076831876,0.060650327174057314,3,0.17536240635095435,0.02827025498485794,0.7538049699298587,0.7785517330548116,0.2885144797997855,0.31070790132284587,0.6894842688594923,0.7120218090811584,0.6890159731303704,0.7117638046851305
dual_plain,P1,external_MEN,MEN,3,placeholder,3,0.7313260905349795,0.1355087542873766,3,0.324,0.11205906731675593,3,0.6731851851851851,0.11336063578180905,3,0.6709250710610276,0.11596849728459155,3,0.6354074074074073,0.1812692334055172,3,0.7109629629629629,0.06955851372244606,3,0.11239606242527815,0.044028995124895935,3,0.21978202334071695,0.03869145210563862,0.6106599950617283,0.640107713580247,0.3959777777777778,0.42268888888888884,0.5726611111111111,0.5982277777777778,0.5660414427354671,0.5915913549715774
lcnn_lfcc,P1,internal_test,BF-SUST,3,placeholder,3,0.6685938279511224,0.06419439635304763,3,0.37825216811207474,0.0498640676207441,3,0.6188570157883033,0.04472922705389796,3,0.6166560555082813,0.04243235848717633,3,0.5779408494551924,0.0647075140180185,3,0.6597731821214143,0.11650408869285572,3,0.09763638747414882,0.0033697594426252784,3,0.23785458183238262,0.019233505942098203,0.7247930137853245,0.7576604606083609,0.3071208209678396,0.338887424688755,0.6517620336120832,0.6831563288181425,0.6467141283626847,0.6797499604904863
lcnn_lfcc,P1,external_BF-MOZ,BF-MOZ,3,placeholder,3,0.8303053133311408,0.08503031193708754,3,0.24705041115480875,0.07866545264105254,3,0.7312596829936836,0.04761083340734945,3,0.727969417058271,0.044166771131221694,3,0.7883446549874865,0.15411855557696766,3,0.6741747109998809,0.11033966638374472,3,0.1333619518474186,0.04614520979837204,3,0.19037821769893448,0.02273520563013809,0.8063629803319838,0.8247885458511974,0.2502681444404719,0.27137111190561314,0.7248793350017876,0.7458080085806221,0.7236124705074772,0.7444635971452457
lcnn_lfcc,P1,external_MEN,MEN,3,placeholder,3,0.7904929053497942,0.04499363452378576,3,0.284,0.03974983500237516,3,0.7062962962962963,0.037090701861909485,3,0.7035817871447639,0.03672783511204598,3,0.7432592592592592,0.13201296856109537,3,0.6693333333333333,0.0966122452172908,3,0.11229850594074058,0.016968583842548856,3,0.20084132865097892,0.013274169042070438,0.7609621827160493,0.7892870814814815,0.2844444444444445,0.31601111111111113,0.6757722222222222,0.702,0.6731140402742225,0.6993851264229259
lcnn_lfcc,P2,internal_test,MEN,1,placeholder,1,0.9075555555555557,,1,0.1688888888888889,,1,0.83,,1,0.8299947529244729,,1,0.8244444444444444,,1,0.8355555555555556,,1,0.1766530594825275,,1,0.1743087944756471,,0.8889655555555556,0.9294698765432099,0.14,0.19999999999999996,0.8043888888888888,0.8556111111111111,0.8043879229033228,0.8555752679763255
lcnn_lfcc,P2,external_BF-SUST,BF-SUST,1,placeholder,1,0.7184083744908144,,1,0.3421342134213421,,1,0.6322132213221322,,1,0.6130259087174158,,1,0.4095409540954095,,1,0.8548854885488549,,1,0.08269356803055973,,1,0.22162504267540362,,0.7108379676748368,0.7255363528288423,0.3355537859272535,0.348377196885325,0.6259790764799995,0.6380591662081585,0.6060370268243332,0.6200340069478876
lcnn_lfcc,P2,external_BF-MOZ,BF-MOZ,1,placeholder,1,0.7742670558846121,,1,0.30246692885234183,,1,0.6792992491955667,,1,0.6698166606633149,,1,0.5098319628173043,,1,0.8487665355738291,,1,0.10544501613863844,,1,0.20574777393016258,,0.7620892558283946,0.784767941774277,0.29208973900607793,0.3167858419735431,0.665525563103325,0.6909188416160171,0.6553149863888155,0.6812848298441093
lfcc_gmm_controlled,P1,internal_test,BF-SUST,1,real,1,0.9999207833018321,,1,0.00333555703802535,,1,0.9969979986657772,,1,0.9969979903157318,,1,0.9986657771847899,,1,0.9953302201467645,,1,0.08466257297004755,,1,0.014396235281898498,,0.9997896743968961,0.999991968171748,0.0013333333333333333,0.005351170568561826,0.9949866310160428,0.9986702127659575,0.9949866031267004,0.998670210458536
lfcc_gmm_controlled,P1,external_BF-MOZ,BF-MOZ,1,real,1,0.9993672673195871,,1,0.00750804433321417,,1,0.9946371111905613,,1,0.994636956946352,,1,0.9892742223811226,,1,1.0,,1,0.039180956590144464,,1,0.009128889500874312,,0.9990098244850676,0.9996695761291817,0.0046478369681801635,0.010368251698248176,0.9926707186271004,0.9964247407937076,0.9926703248889343,0.9964246950924498
lfcc_gmm_controlled,P1,external_MEN,MEN,1,real,1,0.2862127407407407,,1,0.6817777777777778,,1,0.4951111111111111,,1,0.33115338882282996,,1,0.0,,1,0.9902222222222222,,1,0.49168685879301766,,1,0.49015978950938777,,0.2163410567901235,0.36016900740740737,0.6177444444444444,0.7426666666666666,0.49044444444444446,0.49844444444444447,0.3290591918890711,0.3326412576004746
lfcc_gmm_controlled,P2,internal_test,MEN,1,real,1,1.0,,1,0.0,,1,0.9966666666666667,,1,0.9966666296292181,,1,0.9933333333333333,,1,1.0,,1,0.01141147391839715,,1,0.00702291477658171,,0.9999999999999999,1.0,0.0,0.0,0.9933333333333333,1.0,0.9933330370238678,1.0
lfcc_gmm_controlled,P2,external_BF-SUST,BF-SUST,1,real,1,0.8895332277502177,,1,0.1894189418941894,,1,0.5816081608160816,,1,0.4969203766568888,,1,0.1713171317131713,,1,0.991899189918992,,1,0.28138889832612557,,1,0.24267094751381382,,0.8856917968319975,0.8933937752735738,0.1846338295534019,0.1944367303363104,0.5779498383059671,0.585324432554199,0.49069012517034116,0.503282465133239
lfcc_gmm_controlled,P2,external_BF-MOZ,BF-MOZ,1,real,1,0.9917584970566425,,1,0.032892384697890596,,1,0.5736503396496246,,1,0.47912807715205197,,1,0.14765820521987844,,1,0.9996424740793708,,1,0.05660371109168247,,1,0.037386550711081934,,0.9895657587570522,0.9937637068113608,0.02860207365033965,0.038264211655344965,0.5670316410439757,0.5802690382552735,0.46714908770101665,0.49081210918512946
lfcc_only,P1,internal_test,BF-SUST,3,placeholder,3,0.9135842247807929,0.056533271048690506,3,0.16099621970202357,0.06320799911241037,3,0.8346675561485436,0.06546733524204582,3,0.8344530710089729,0.06555672368529852,3,0.8474538581276407,0.0617981897004465,3,0.8218812541694464,0.0901884292266816,3,0.18117937940155207,0.03581259625870307,3,0.16980680079533228,0.01446024407805082,0.9324961074515576,0.9485917449659046,0.12055495225405284,0.1460093479707252,0.8534237077373429,0.8764319666684938,0.8533192613659302,0.8763552226545581
lfcc_only,P1,external_BF-MOZ,BF-MOZ,3,placeholder,3,0.7067522206467108,0.09075367443640472,3,0.3485877726135144,0.0692798153250951,3,0.6349660350375402,0.08129922463977071,3,0.6092193902117212,0.10980066872505156,3,0.44106781074961265,0.242763083859491,3,0.8288642593254677,0.08024233685511463,3,0.09983890832126967,0.01312732079465474,3,0.22536965004394263,0.02800043711771065,0.6096625310662159,0.6347164060170193,0.4022166607079013,0.4233285663210583,0.5507597425813372,0.5720593493028244,0.48878911963104993,0.5155478269976819
lfcc_only,P1,external_MEN,MEN,3,placeholder,3,0.7786933333333333,0.0806882432609165,3,0.29318518518518516,0.06476294220561302,3,0.6881481481481483,0.06950347121035086,3,0.6788901311378283,0.0795796980650283,3,0.5580740740740741,0.16455991941596626,3,0.8182222222222221,0.08642016225652696,3,0.1095932889009822,0.03087831343346794,3,0.20441727110360244,0.023361359069249157,0.844417249382716,0.8616913975308641,0.21866666666666668,0.24356666666666663,0.7304388888888889,0.7504500000000001,0.7238231926152624,0.7450016965882328
lfcc_only,P2,internal_test,MEN,1,placeholder,1,0.7062814814814815,,1,0.35777777777777775,,1,0.6422222222222222,,1,0.6258984633179114,,1,0.43333333333333335,,1,0.8511111111111112,,1,0.07438520143899041,,1,0.22326479903737184,,0.6809504938271604,0.7291608641975309,0.33555555555555555,0.3822777777777778,0.6199166666666667,0.6689444444444445,0.5972002437072556,0.6586831093179621
lfcc_only,P2,external_BF-SUST,BF-SUST,1,placeholder,1,0.9275242755798734,,1,0.14971497149714974,,1,0.8483848384838484,,1,0.848269232934775,,1,0.875987598759876,,1,0.8207820782078208,,1,0.18921240969729056,,1,0.16592577921816312,,0.9239067587884814,0.9310254666845497,0.14451089481134208,0.15446017555266578,0.8431990683726509,0.8531130892309318,0.843047501854721,0.8529931884490621
lfcc_only,P2,external_BF-MOZ,BF-MOZ,1,placeholder,1,0.8144313925398132,,1,0.2659992849481587,,1,0.7273864855202002,,1,0.7253898054186299,,1,0.6421165534501251,,1,0.8126564175902753,,1,0.12406350853457072,,1,0.19491944437181555,,0.8044091082061083,0.8245290423661186,0.25420092956739365,0.27601001072577763,0.7180863425098319,0.7386574901680372,0.7160174188240224,0.736839350154564
mel_mfcc,P1,internal_test,BF-SUST,3,placeholder,3,0.7755860663465066,0.13232646946762766,3,0.2901934623082055,0.11123770165227331,3,0.6885701578830332,0.09413739372304092,3,0.6779364662309297,0.1027847359635954,3,0.6382032466088503,0.2856377024878301,3,0.7389370691572159,0.13598331470769678,3,0.12611129262830034,0.03400371154625932,3,0.20673622547681283,0.03700202048508329,0.6078666979279459,0.6488905371356397,0.3969212229603893,0.4348057816528112,0.5669789228723404,0.5993483288770054,0.5423229951095266,0.5799377501422558
mel_mfcc,P1,external_BF-MOZ,BF-MOZ,3,placeholder,3,0.8340242902028225,0.07573762071887441,3,0.24395185317602194,0.07134978943718404,3,0.7295912286974139,0.04587432813853201,3,0.7246479030205001,0.043619580460039435,3,0.7163627696341318,0.21254677930156468,3,0.742819687760696,0.12716083427835675,3,0.13225642542445679,0.04249196021989854,3,0.18869144757634157,0.01964892500548491,0.7583680718487772,0.7840728050343536,0.28528780836610657,0.30854486950303894,0.6785618519842689,0.7020334286735788,0.6747901685359421,0.6984884224640487
mel_mfcc,P1,external_MEN,MEN,3,placeholder,3,0.8448127736625515,0.04167061055909584,3,0.23392592592592595,0.0430086602438053,3,0.7648148148148147,0.04369497715763887,3,0.7633341192619567,0.04583951000995774,3,0.786962962962963,0.04434952827749373,3,0.7426666666666667,0.12769485231849392,3,0.14111596535881687,0.018426193606000743,3,0.1874468161341758,0.01166388558035906,0.8390902172839506,0.8599280839506173,0.22087777777777778,0.2413333333333333,0.7644277777777778,0.7829055555555555,0.7642562126195697,0.782771519209601
mel_only,P1,internal_test,BF-SUST,3,placeholder,3,0.8013807440821493,0.154533361102417,3,0.26217478318879256,0.1480190783995438,3,0.7018012008005337,0.09953550353086853,3,0.6986568281928571,0.0962166700535221,3,0.7275961752279297,0.23248840531020587,3,0.6760062263731376,0.0779474314700465,3,0.13454129004853216,0.06875732821368083,3,0.19864456687664722,0.0439123339029871,0.9612004229901246,0.9709017454480241,0.08895727586506946,0.10926962239077692,0.7912511747734174,0.8145461196353124,0.7825487448639077,0.8083175482975825
mel_only,P1,external_BF-MOZ,BF-MOZ,3,placeholder,3,0.8338799334135135,0.12822348832005967,3,0.23394112739840303,0.11883116799939909,3,0.7391252532475271,0.087433242273794,3,0.7367171951899306,0.0852851935424318,3,0.7939458944106782,0.17853125252663019,3,0.6843046120843761,0.09085591186535553,3,0.1360766452967753,0.06383346394815412,3,0.18903158321837898,0.03514334845727472,0.9410708796096332,0.9507691281160967,0.11798355380765102,0.1344386843046121,0.7856542724347515,0.805349481587415,0.7773564465552798,0.799494911418695
mel_only,P1,external_MEN,MEN,3,placeholder,3,0.6286325596707819,0.014821636692826047,3,0.40859259259259256,0.012573405862351854,3,0.59,0.0159737438888684,3,0.5825618125457358,0.027160428282422384,3,0.494962962962963,0.12277397346209326,3,0.685037037037037,0.0925601128218668,3,0.09573667619442461,0.0076100763041677,3,0.2490723056392019,0.005023419581768573,0.6221402518518518,0.6523799358024691,0.388,0.41517777777777776,0.5862055555555555,0.6117833333333333,0.5861990178450412,0.6117750899019578
mel_only,P2,internal_test,MEN,1,placeholder,1,0.607353086419753,,1,0.40888888888888886,,1,0.58,,1,0.5781249999999999,,1,0.5133333333333333,,1,0.6466666666666666,,1,0.11048323659505999,,1,0.25762426595627913,,0.5849195061728395,0.6307840740740741,0.3888333333333333,0.4288888888888889,0.5633055555555556,0.5988888888888889,0.560231735192376,0.5955875440605364
mel_only,P2,external_BF-SUST,BF-SUST,1,placeholder,1,0.8820328477492213,,1,0.2016201620162016,,1,0.7732273227322732,,1,0.769373811868671,,1,0.9024902490249025,,1,0.643964396439644,,1,0.15862235707063743,,1,0.17654925630014295,,0.8770599468779109,0.8862288398493088,0.19596637529448996,0.2066620819412357,0.7677378169834236,0.777885581583566,0.7636964935571439,0.7740912885374085
mel_only,P2,external_BF-MOZ,BF-MOZ,1,placeholder,1,0.7018534210194307,,1,0.3550232391848409,,1,0.6481944941008223,,1,0.6480908539357018,,1,0.6310332499106185,,1,0.6653557382910261,,1,0.06832606356756939,,1,0.22492934846833068,,0.6885247377386952,0.7149385948911758,0.34215230604218805,0.36790311047550944,0.6349436896675009,0.6600017876296032,0.6348259150014781,0.6599019288265885
mfcc_only,P1,internal_test,BF-SUST,3,placeholder,3,0.8257260826022478,0.08716226707652164,3,0.24794307315988437,0.07636993183892346,3,0.7444963308872582,0.08133631188890138,3,0.740010985539253,0.08814240907217356,3,0.7060262397153658,0.2124436501647906,3,0.7829664220591505,0.05591147163237796,3,0.13491269427995048,0.040818151548415574,3,0.19344796310708526,0.023197916880649913,0.8545362661855764,0.8793361462678477,0.1985242548996688,0.2300038358905937,0.7725729948150509,0.8010199700199867,0.7725633163502472,0.8009990913445649
mfcc_only,P1,external_BF-MOZ,BF-MOZ,3,placeholder,3,0.826721532472587,0.10304464008702367,3,0.24597783339292098,0.1034307102169487,3,0.7348945298534145,0.0915177320146397,3,0.7303029255170852,0.09377060988567233,3,0.6820402812537242,0.23314975920819983,3,0.7877487784531046,0.05186262345411775,3,0.1344810338235606,0.05842517611932475,3,0.19185513158702253,0.026472971633568734,0.7502464461834013,0.7731344611910534,0.2945834823024669,0.3189131212012871,0.6682114765820522,0.6914551304969611,0.6631106854025429,0.687085755751322
mfcc_only,P1,external_MEN,MEN,3,placeholder,3,0.8745379423868312,0.06364214138611723,3,0.20311111111111113,0.06528494050537326,3,0.796074074074074,0.06447368429893079,3,0.7959965715934966,0.0644497941576857,3,0.802074074074074,0.0844787454701713,3,0.790074074074074,0.04851235471166886,3,0.15466667342312562,0.03857532284951725,3,0.17817517026440743,0.01630837805624923,0.9085696049382715,0.924973688888889,0.1497777777777778,0.1711222222222222,0.8259888888888889,0.8493555555555556,0.8256067059088021,0.8492468538744843
ssl_xlsr_probe,P1,internal_test,BF-SUST,1,placeholder,1,0.6371390132892687,,1,0.400266844563042,,1,0.590393595730487,,1,0.5744668849845647,,1,0.39693128752501666,,1,0.7838559039359573,,1,0.09671030772669251,,1,0.24620639423517324,,0.6178928708741538,0.6548371387440879,0.3851674009790832,0.42074809891449466,0.5758003490291664,0.6039587748238763,0.5572084190897766,0.5893662142111481
ssl_xlsr_probe,P1,external_BF-MOZ,BF-MOZ,1,placeholder,1,0.7648063601522087,,1,0.3067572398998928,,1,0.6905613156953879,,1,0.6875960432201629,,1,0.5931355023239184,,1,0.7879871290668573,,1,0.09280660045985417,,1,0.2066191872524108,,0.7558298551144422,0.7775207814338082,0.2942348945298534,0.3174919556667858,0.681582946013586,0.7039774758670003,0.6781214173332882,0.7011413337535328
ssl_xlsr_probe,P1,external_MEN,MEN,1,placeholder,1,0.8349100246913579,,1,0.24711111111111106,,1,0.7546666666666667,,1,0.7543864367523322,,1,0.7208888888888889,,1,0.7884444444444444,,1,0.12436656417944088,,1,0.18728724509086447,,0.8227185382716049,0.8444944790123456,0.2368666666666667,0.2613333333333333,0.7402055555555556,0.7656277777777778,0.7400241270112764,0.7653981538887091
stats_hgb_controlled,P1,internal_test,BF-SUST,1,real,1,0.9281802722829229,,1,0.15276851234156108,,1,0.8482321547698466,,1,0.8482320027992896,,1,0.8472314876584389,,1,0.8492328218812542,,1,0.022792607349058736,,1,0.10619808222516862,,0.9193486733542893,0.9367873556798595,0.13924050632911392,0.16510695187165775,0.8356639259506338,0.8607047872340425,0.8356421141216903,0.8606881986449713
stats_hgb_controlled,P1,external_BF-MOZ,BF-MOZ,1,real,1,0.953573782830038,,1,0.10010725777618878,,1,0.8945298534143725,,1,0.8945025459060929,,1,0.8784411869860564,,1,0.9106185198426886,,1,0.0579462426463216,,1,0.08104369449363394,,0.9482179243837151,0.9592023139098035,0.09224168752234536,0.10833035395066143,0.8863067572398999,0.9025741866285306,0.8862746106506842,0.9025506159177097
stats_hgb_controlled,P1,external_MEN,MEN,1,real,1,0.4435342222222222,,1,0.5457777777777778,,1,0.4955555555555556,,1,0.3352162906175362,,1,0.0044444444444444444,,1,0.9866666666666667,,1,0.40246105019187667,,1,0.4232627220026743,,0.40126072345679015,0.48692571111111105,0.5124444444444445,0.5817888888888888,0.4895555555555556,0.5,0.3312162854944371,0.3390906491278239
stats_hgb_controlled,P2,internal_test,MEN,1,real,1,0.989274074074074,,1,0.05555555555555558,,1,0.9433333333333334,,1,0.9433315843081577,,1,0.9488888888888889,,1,0.9377777777777778,,1,0.06347229955706996,,1,0.0632932552786054,,0.9785974074074073,0.9999703703703704,0.0022222222222222365,0.07777777777777772,0.9133333333333333,0.97,0.9131785553505261,0.9699734947720207
stats_hgb_controlled,P2,external_BF-SUST,BF-SUST,1,real,1,0.5842822656102994,,1,0.4254425442544254,,1,0.489048904890489,,1,0.36121746047179953,,1,0.041704170417041705,,1,0.9363936393639364,,1,0.4766909208228234,,1,0.48365231169389156,,0.5777572508238414,0.5908966053458218,0.4194082525052801,0.4311855318214654,0.48654317062955016,0.4919000404919016,0.35741388174264604,0.36525344297873613
stats_hgb_controlled,P2,external_BF-MOZ,BF-MOZ,1,real,1,0.8864180287143036,,1,0.17661780479084735,,1,0.5337861994994637,,1,0.40806999640358294,,1,0.07293528780836611,,1,0.9946371111905613,,1,0.40129021040651297,,1,0.403015387279292,,0.8777738713103536,0.8956340534299928,0.16660707901322847,0.18735252055774038,0.5287808366106542,0.5386127994279585,0.39878233374435046,0.41747186415617377
stats_hgb_orig6s,P1,internal_test,BF-SUST,1,real,1,0.999605696659681,,1,0.010006671114076049,,1,0.9906604402935291,,1,0.9906604361370717,,1,0.989993328885924,,1,0.9913275517011341,,1,0.004530133275735334,,1,0.007166300430601332,,0.9993275111111112,0.9998098678985693,0.006008010680907876,0.014018691588784993,0.9869913275517012,0.9936753101361305,0.9869912566317922,0.9936753073409638
stats_hgb_orig6s,P1,external_BF-MOZ,BF-MOZ,1,real,1,0.998679442157304,,1,0.012155881301394333,,1,0.982481229889167,,1,0.9824802422876404,,1,0.9899892742223811,,1,0.9749731855559528,,1,0.0074727312153244465,,1,0.009512765760513882,,0.9978547837594522,0.999309701428148,0.008938148015731118,0.01608866642831608,0.9790802645691813,0.9856989631748302,0.9790774752595411,0.9856985518569386
stats_hgb_orig6s,P1,external_MEN,MEN,1,real,1,0.9475361975308642,,1,0.10311111111111115,,1,0.916,,1,0.9159114848993637,,1,0.8835555555555555,,1,0.9484444444444444,,1,0.07354282989084858,,1,0.07723345324047569,,0.9210915753086419,0.9670631580246912,0.0755555555555556,0.13288888888888883,0.8842222222222222,0.9408944444444444,0.8839806457656335,0.9408698517308416
stats_hgb_orig6s,P2,internal_test,MEN,1,real,1,0.997748148148148,,1,0.02666666666666667,,1,0.9711111111111111,,1,0.9710968379446641,,1,0.9488888888888889,,1,0.9933333333333333,,1,0.022344036762920055,,1,0.02144456136285731,,0.9952339506172839,0.9996691358024691,0.008888888888888835,0.04222222222222227,0.96,0.9822222222222222,0.9599801333371756,0.9822166017901954
stats_hgb_orig6s,P2,external_BF-SUST,BF-SUST,1,real,1,0.9694932789608594,,1,0.08270827082708265,,1,0.834033403340334,,1,0.829390444271384,,1,0.669066906690669,,1,0.998999899989999,,1,0.13890841025625733,,1,0.12698464564618078,,0.9669913962385801,0.9717958758829984,0.07848515708449884,0.08752625787736323,0.829530902268797,0.8387292192664362,0.824484046282894,0.8344529809378255
stats_hgb_orig6s,P2,external_BF-MOZ,BF-MOZ,1,real,1,0.9920670660850299,,1,0.027887021809081203,,1,0.8562745799070433,,1,0.8532430215339997,,1,0.7125491598140865,,1,1.0,,1,0.11956329406434679,,1,0.1070700577493786,,0.9896934525205706,0.9941706849452698,0.02216660707901319,0.033249910618519896,0.8480514837325707,0.8645021451555238,0.8444603291242857,0.8619679216001817
